timestamp,class,source_file,row_index_before_delete,flex1,flex2,flex3,flex4,flex5,reason
2025-09-02 11:22:06,1,1\episode_20250819_203123_ㅈ_1.csv,1,772.0,782.0,772.0,433.0,842.0,flex5 > upper
2025-09-02 11:22:06,1,1\episode_20250819_203123_ㅈ_1.csv,4,775.0,796.0,768.0,313.0,835.0,flex2 > upper
2025-09-02 11:22:06,1,1\episode_20250819_203123_ㅈ_1.csv,5,771.0,782.0,777.0,404.0,842.0,flex5 > upper
2025-09-02 11:22:06,1,1\episode_20250819_203123_ㅈ_1.csv,6,773.0,785.0,766.0,428.0,849.0,flex5 > upper
2025-09-02 11:22:06,1,1\episode_20250819_203123_ㅈ_1.csv,9,773.0,779.0,772.0,376.0,845.0,flex5 > upper
2025-09-02 11:22:06,1,1\episode_20250819_203123_ㅈ_1.csv,12,771.0,781.0,775.0,304.0,852.0,flex5 > upper
2025-09-02 11:22:06,1,1\episode_20250819_203123_ㅈ_1.csv,13,772.0,778.0,774.0,352.0,849.0,flex5 > upper
2025-09-02 11:22:06,1,1\episode_20250819_203123_ㅈ_1.csv,15,781.0,780.0,777.0,407.0,847.0,flex1 > upper; flex5 > upper
2025-09-02 11:22:06,1,1\episode_20250819_203123_ㅈ_1.csv,16,772.0,772.0,774.0,296.0,843.0,flex5 > upper
2025-09-02 11:22:06,1,1\episode_20250819_203123_ㅈ_1.csv,17,773.0,783.0,772.0,310.0,852.0,flex5 > upper
2025-09-02 11:22:06,1,1\episode_20250819_203123_ㅈ_1.csv,18,773.0,787.0,773.0,406.0,842.0,flex5 > upper
2025-09-02 11:22:06,1,1\episode_20250819_203123_ㅈ_1.csv,19,772.0,777.0,767.0,426.0,844.0,flex5 > upper
2025-09-02 11:22:06,1,1\episode_20250819_203123_ㅈ_1.csv,21,772.0,776.0,764.0,310.0,855.0,flex5 > upper
2025-09-02 11:22:06,1,1\episode_20250819_203123_ㅈ_1.csv,23,768.0,791.0,772.0,431.0,839.0,flex2 > upper
2025-09-02 11:22:06,1,1\episode_20250819_203123_ㅈ_1.csv,24,766.0,788.0,777.0,417.0,842.0,flex5 > upper
2025-09-02 11:22:06,1,1\episode_20250819_203123_ㅈ_1.csv,28,776.0,780.0,774.0,434.0,843.0,flex5 > upper
2025-09-02 11:22:06,1,1\episode_20250819_203123_ㅈ_1.csv,29,777.0,769.0,777.0,351.0,847.0,flex2 < lower; flex5 > upper
2025-09-02 11:22:06,1,1\episode_20250819_203123_ㅈ_1.csv,33,770.0,778.0,775.0,421.0,843.0,flex5 > upper
2025-09-02 11:22:06,1,1\episode_20250819_203123_ㅈ_1.csv,37,770.0,777.0,774.0,454.0,846.0,flex5 > upper
2025-09-02 11:22:06,1,1\episode_20250819_203123_ㅈ_1.csv,40,775.0,780.0,771.0,358.0,843.0,flex5 > upper
2025-09-02 11:22:06,1,1\episode_20250819_203123_ㅈ_1.csv,41,770.0,769.0,778.0,453.0,835.0,flex2 < lower
2025-09-02 11:22:06,1,1\episode_20250819_203123_ㅈ_1.csv,43,773.0,783.0,785.0,316.0,833.0,flex3 > upper
2025-09-02 11:22:06,1,1\episode_20250819_203123_ㅈ_1.csv,44,770.0,778.0,772.0,328.0,843.0,flex5 > upper
2025-09-02 11:22:06,1,1\episode_20250819_203123_ㅈ_1.csv,45,777.0,772.0,778.0,411.0,849.0,flex5 > upper
2025-09-02 11:22:06,1,1\episode_20250819_203123_ㅈ_1.csv,47,775.0,772.0,777.0,386.0,843.0,flex5 > upper
2025-09-02 11:22:06,1,1\episode_20250819_203123_ㅈ_1.csv,48,774.0,780.0,769.0,308.0,848.0,flex5 > upper
2025-09-02 11:22:06,1,1\episode_20250819_203123_ㅈ_1.csv,49,769.0,785.0,774.0,349.0,852.0,flex5 > upper
2025-09-02 11:22:06,1,1\episode_20250819_203123_ㅈ_1.csv,51,776.0,777.0,775.0,432.0,847.0,flex5 > upper
2025-09-02 11:22:06,1,1\episode_20250819_203123_ㅈ_1.csv,52,768.0,784.0,762.0,336.0,848.0,flex3 < lower; flex5 > upper
2025-09-02 11:22:06,1,1\episode_20250819_203123_ㅈ_1.csv,54,774.0,780.0,788.0,442.0,846.0,flex3 > upper; flex5 > upper
2025-09-02 11:22:06,1,1\episode_20250819_203123_ㅈ_1.csv,57,769.0,786.0,772.0,329.0,849.0,flex5 > upper
2025-09-02 11:22:06,1,1\episode_20250819_203123_ㅈ_1.csv,59,770.0,783.0,772.0,442.0,842.0,flex5 > upper
2025-09-02 11:22:06,1,1\episode_20250819_203123_ㅈ_1.csv,61,774.0,780.0,770.0,405.0,844.0,flex5 > upper
2025-09-02 11:22:06,1,1\episode_20250819_203123_ㅈ_1.csv,62,772.0,775.0,779.0,383.0,843.0,flex5 > upper
2025-09-02 11:22:06,1,1\episode_20250819_203123_ㅈ_1.csv,63,774.0,786.0,766.0,287.0,843.0,flex5 > upper
2025-09-02 11:22:06,1,1\episode_20250819_203123_ㅈ_1.csv,64,776.0,780.0,770.0,316.0,844.0,flex5 > upper
2025-09-02 11:22:06,1,1\episode_20250819_203123_ㅈ_1.csv,65,775.0,773.0,775.0,421.0,843.0,flex5 > upper
2025-09-02 11:22:06,1,1\episode_20250819_203123_ㅈ_1.csv,67,773.0,776.0,784.0,367.0,851.0,flex3 > upper; flex5 > upper
2025-09-02 11:22:06,1,1\episode_20250819_203123_ㅈ_1.csv,68,776.0,779.0,772.0,330.0,861.0,flex5 > upper
2025-09-02 11:22:06,1,1\episode_20250819_203123_ㅈ_1.csv,71,771.0,787.0,760.0,397.0,851.0,flex3 < lower; flex5 > upper
2025-09-02 11:22:06,1,1\episode_20250819_203123_ㅈ_1.csv,75,771.0,805.0,771.0,444.0,844.0,flex2 > upper; flex5 > upper
2025-09-02 11:22:06,1,1\episode_20250819_203123_ㅈ_1.csv,76,770.0,786.0,775.0,331.0,849.0,flex5 > upper
2025-09-02 11:22:06,1,1\episode_20250819_203123_ㅈ_1.csv,78,773.0,777.0,780.0,319.0,843.0,flex5 > upper
2025-09-02 11:22:06,1,1\episode_20250819_203123_ㅈ_1.csv,81,771.0,773.0,773.0,424.0,842.0,flex5 > upper
2025-09-02 11:22:06,1,1\episode_20250819_203123_ㅈ_1.csv,83,772.0,789.0,774.0,396.0,850.0,flex5 > upper
2025-09-02 11:22:06,1,1\episode_20250819_203123_ㅈ_1.csv,89,772.0,778.0,771.0,340.0,844.0,flex5 > upper
2025-09-02 11:22:06,1,1\episode_20250819_203123_ㅈ_1.csv,94,787.0,772.0,776.0,320.0,830.0,flex1 > upper
2025-09-02 11:22:06,1,1\episode_20250819_203123_ㅈ_1.csv,101,768.0,784.0,780.0,446.0,843.0,flex5 > upper
2025-09-02 11:22:06,1,1\episode_20250819_203123_ㅈ_1.csv,116,773.0,786.0,762.0,279.0,830.0,flex3 < lower
2025-09-02 11:22:06,1,1\episode_20250819_203123_ㅈ_1.csv,133,771.0,779.0,768.0,314.0,869.0,flex5 > upper
2025-09-02 11:22:06,1,1\episode_20250819_203123_ㅈ_1.csv,148,774.0,795.0,771.0,324.0,831.0,flex2 > upper
2025-09-02 11:22:06,1,1\episode_20250819_203123_ㅈ_1.csv,150,770.0,802.0,769.0,423.0,829.0,flex2 > upper
2025-09-02 11:22:06,1,1\episode_20250819_203123_ㅈ_1.csv,151,768.0,790.0,773.0,452.0,828.0,flex2 > upper
2025-09-02 11:22:06,1,1\episode_20250819_203123_ㅈ_1.csv,152,772.0,779.0,789.0,373.0,833.0,flex3 > upper
2025-09-02 11:22:06,1,1\episode_20250819_203123_ㅈ_1.csv,160,774.0,765.0,772.0,320.0,832.0,flex2 < lower
2025-09-02 11:22:06,1,1\episode_20250819_203123_ㅈ_1.csv,172,771.0,791.0,770.0,393.0,830.0,flex2 > upper
2025-09-02 11:22:06,1,1\episode_20250819_203123_ㅈ_1.csv,181,767.0,784.0,764.0,329.0,842.0,flex5 > upper
2025-09-02 11:22:06,1,1\episode_20250819_203123_ㅈ_1.csv,195,781.0,777.0,770.0,336.0,832.0,flex1 > upper
2025-09-02 11:22:06,1,1\episode_20250819_203123_ㅈ_1.csv,214,772.0,767.0,773.0,279.0,835.0,flex2 < lower
2025-09-02 11:22:06,1,1\episode_20250819_203123_ㅈ_1.csv,220,773.0,768.0,771.0,417.0,833.0,flex2 < lower
2025-09-02 11:22:06,1,1\episode_20250819_203123_ㅈ_1.csv,232,769.0,765.0,773.0,338.0,831.0,flex2 < lower
2025-09-02 11:22:06,1,1\episode_20250819_203123_ㅈ_1.csv,243,775.0,774.0,785.0,327.0,827.0,flex3 > upper
2025-09-02 11:22:06,1,1\episode_20250819_203123_ㅈ_1.csv,245,773.0,777.0,798.0,421.0,828.0,flex3 > upper
2025-09-02 11:22:06,1,1\episode_20250819_203123_ㅈ_1.csv,250,776.0,779.0,772.0,359.0,856.0,flex5 > upper
2025-09-02 11:22:06,1,1\episode_20250819_203123_ㅈ_1.csv,252,770.0,781.0,758.0,369.0,825.0,flex3 < lower
2025-09-02 11:22:06,1,1\episode_20250819_203123_ㅈ_1.csv,269,772.0,777.0,772.0,316.0,843.0,flex5 > upper
2025-09-02 11:22:06,1,1\episode_20250819_203123_ㅈ_1.csv,277,770.0,779.0,767.0,319.0,854.0,flex5 > upper
2025-09-02 11:22:06,1,1\episode_20250819_203123_ㅈ_1.csv,291,772.0,775.0,775.0,295.0,863.0,flex5 > upper
2025-09-02 11:22:06,1,1\episode_20250819_203132_ㅈ_1.csv,4,776.0,786.0,754.0,324.0,825.0,flex3 < lower
2025-09-02 11:22:06,1,1\episode_20250819_203132_ㅈ_1.csv,6,783.0,781.0,773.0,397.0,823.0,flex1 > upper
2025-09-02 11:22:06,1,1\episode_20250819_203132_ㅈ_1.csv,8,772.0,775.0,784.0,304.0,827.0,flex3 > upper
2025-09-02 11:22:06,1,1\episode_20250819_203132_ㅈ_1.csv,10,772.0,791.0,775.0,372.0,832.0,flex2 > upper
2025-09-02 11:22:06,1,1\episode_20250819_203132_ㅈ_1.csv,11,763.0,779.0,771.0,436.0,824.0,flex1 < lower
2025-09-02 11:22:06,1,1\episode_20250819_203132_ㅈ_1.csv,12,770.0,779.0,779.0,386.0,844.0,flex5 > upper
2025-09-02 11:22:06,1,1\episode_20250819_203132_ㅈ_1.csv,14,773.0,783.0,774.0,322.0,846.0,flex5 > upper
2025-09-02 11:22:06,1,1\episode_20250819_203132_ㅈ_1.csv,39,772.0,790.0,776.0,371.0,832.0,flex2 > upper
2025-09-02 11:22:06,1,1\episode_20250819_203132_ㅈ_1.csv,63,768.0,780.0,783.0,417.0,830.0,flex3 > upper
2025-09-02 11:22:06,1,1\episode_20250819_203132_ㅈ_1.csv,65,769.0,773.0,770.0,366.0,859.0,flex5 > upper
2025-09-02 11:22:06,1,1\episode_20250819_203132_ㅈ_1.csv,68,772.0,782.0,773.0,315.0,849.0,flex5 > upper
2025-09-02 11:22:06,1,1\episode_20250819_203132_ㅈ_1.csv,71,763.0,777.0,777.0,482.0,830.0,flex1 < lower
2025-09-02 11:22:06,1,1\episode_20250819_203132_ㅈ_1.csv,96,772.0,777.0,761.0,428.0,824.0,flex3 < lower
2025-09-02 11:22:06,1,1\episode_20250819_203132_ㅈ_1.csv,99,774.0,788.0,788.0,430.0,830.0,flex3 > upper
2025-09-02 11:22:06,1,1\episode_20250819_203132_ㅈ_1.csv,106,771.0,790.0,775.0,307.0,822.0,flex2 > upper
2025-09-02 11:22:06,1,1\episode_20250819_203132_ㅈ_1.csv,136,765.0,774.0,769.0,400.0,845.0,flex5 > upper
2025-09-02 11:22:06,1,1\episode_20250819_203132_ㅈ_1.csv,143,773.0,801.0,775.0,354.0,827.0,flex2 > upper
2025-09-02 11:22:06,1,1\episode_20250819_203132_ㅈ_1.csv,151,771.0,781.0,789.0,417.0,831.0,flex3 > upper
2025-09-02 11:22:06,1,1\episode_20250819_203132_ㅈ_1.csv,179,767.0,785.0,790.0,421.0,830.0,flex3 > upper
2025-09-02 11:22:06,1,1\episode_20250819_203132_ㅈ_1.csv,190,772.0,783.0,758.0,311.0,828.0,flex3 < lower
2025-09-02 11:22:06,1,1\episode_20250819_203132_ㅈ_1.csv,213,774.0,777.0,773.0,291.0,861.0,flex5 > upper
2025-09-02 11:22:06,1,1\episode_20250819_203132_ㅈ_1.csv,232,773.0,784.0,760.0,311.0,836.0,flex3 < lower
2025-09-02 11:22:06,1,1\episode_20250819_203132_ㅈ_1.csv,238,773.0,782.0,784.0,432.0,827.0,flex3 > upper
2025-09-02 11:22:06,1,1\episode_20250819_203132_ㅈ_1.csv,239,772.0,787.0,772.0,409.0,843.0,flex5 > upper
2025-09-02 11:22:06,1,1\episode_20250819_203132_ㅈ_1.csv,244,772.0,777.0,783.0,366.0,824.0,flex3 > upper
2025-09-02 11:22:06,1,1\episode_20250819_203132_ㅈ_1.csv,261,766.0,781.0,775.0,383.0,848.0,flex5 > upper
2025-09-02 11:22:06,1,1\episode_20250819_203132_ㅈ_1.csv,272,773.0,769.0,764.0,372.0,821.0,flex2 < lower
2025-09-02 11:22:06,1,1\episode_20250819_203132_ㅈ_1.csv,281,763.0,783.0,778.0,340.0,830.0,flex1 < lower
2025-09-02 11:22:06,1,1\episode_20250819_203141_ㅈ_1.csv,5,781.0,775.0,771.0,418.0,822.0,flex1 > upper
2025-09-02 11:22:06,1,1\episode_20250819_203141_ㅈ_1.csv,7,771.0,780.0,766.0,334.0,846.0,flex5 > upper
2025-09-02 11:22:06,1,1\episode_20250819_203141_ㅈ_1.csv,27,773.0,790.0,772.0,382.0,834.0,flex2 > upper
2025-09-02 11:22:06,1,1\episode_20250819_203141_ㅈ_1.csv,28,769.0,782.0,783.0,299.0,826.0,flex3 > upper
2025-09-02 11:22:06,1,1\episode_20250819_203141_ㅈ_1.csv,40,771.0,766.0,763.0,367.0,828.0,flex2 < lower
2025-09-02 11:22:06,1,1\episode_20250819_203141_ㅈ_1.csv,49,773.0,785.0,770.0,376.0,848.0,flex5 > upper
2025-09-02 11:22:06,1,1\episode_20250819_203141_ㅈ_1.csv,50,772.0,784.0,771.0,309.0,854.0,flex5 > upper
2025-09-02 11:22:06,1,1\episode_20250819_203141_ㅈ_1.csv,64,770.0,780.0,770.0,402.0,851.0,flex5 > upper
2025-09-02 11:22:06,1,1\episode_20250819_203141_ㅈ_1.csv,70,770.0,779.0,774.0,399.0,812.0,flex5 < lower
2025-09-02 11:22:06,1,1\episode_20250819_203141_ㅈ_1.csv,79,768.0,774.0,777.0,418.0,812.0,flex5 < lower
2025-09-02 11:22:06,1,1\episode_20250819_203141_ㅈ_1.csv,102,776.0,766.0,774.0,321.0,831.0,flex2 < lower
2025-09-02 11:22:06,1,1\episode_20250819_203141_ㅈ_1.csv,104,782.0,775.0,775.0,438.0,839.0,flex1 > upper
2025-09-02 11:22:06,1,1\episode_20250819_203141_ㅈ_1.csv,109,773.0,777.0,784.0,349.0,827.0,flex3 > upper
2025-09-02 11:22:06,1,1\episode_20250819_203141_ㅈ_1.csv,116,773.0,790.0,778.0,403.0,821.0,flex2 > upper
2025-09-02 11:22:06,1,1\episode_20250819_203141_ㅈ_1.csv,123,774.0,783.0,775.0,383.0,843.0,flex5 > upper
2025-09-02 11:22:06,1,1\episode_20250819_203141_ㅈ_1.csv,124,781.0,779.0,767.0,426.0,832.0,flex1 > upper
2025-09-02 11:22:06,1,1\episode_20250819_203141_ㅈ_1.csv,128,766.0,791.0,770.0,427.0,847.0,flex2 > upper; flex5 > upper
2025-09-02 11:22:06,1,1\episode_20250819_203141_ㅈ_1.csv,131,771.0,779.0,773.0,282.0,847.0,flex5 > upper
2025-09-02 11:22:06,1,1\episode_20250819_203141_ㅈ_1.csv,150,775.0,791.0,767.0,427.0,825.0,flex2 > upper
2025-09-02 11:22:06,1,1\episode_20250819_203141_ㅈ_1.csv,152,773.0,783.0,786.0,312.0,825.0,flex3 > upper
2025-09-02 11:22:06,1,1\episode_20250819_203141_ㅈ_1.csv,161,773.0,782.0,760.0,317.0,822.0,flex3 < lower
2025-09-02 11:22:06,1,1\episode_20250819_203141_ㅈ_1.csv,170,768.0,778.0,784.0,309.0,831.0,flex3 > upper
2025-09-02 11:22:06,1,1\episode_20250819_203141_ㅈ_1.csv,174,776.0,795.0,769.0,341.0,826.0,flex2 > upper
2025-09-02 11:22:06,1,1\episode_20250819_203141_ㅈ_1.csv,178,771.0,778.0,785.0,395.0,837.0,flex3 > upper
2025-09-02 11:22:06,1,1\episode_20250819_203141_ㅈ_1.csv,186,771.0,778.0,775.0,277.0,846.0,flex5 > upper
2025-09-02 11:22:06,1,1\episode_20250819_203141_ㅈ_1.csv,212,773.0,780.0,768.0,435.0,852.0,flex5 > upper
2025-09-02 11:22:06,1,1\episode_20250819_203141_ㅈ_1.csv,247,771.0,792.0,764.0,421.0,830.0,flex2 > upper
2025-09-02 11:22:06,1,1\episode_20250819_203141_ㅈ_1.csv,260,762.0,781.0,770.0,426.0,832.0,flex1 < lower
2025-09-02 11:22:06,1,1\episode_20250819_203141_ㅈ_1.csv,290,772.0,782.0,780.0,409.0,806.0,flex5 < lower
2025-09-02 11:22:06,1,1\episode_20250819_203141_ㅈ_1.csv,294,774.0,784.0,776.0,371.0,859.0,flex5 > upper
2025-09-02 11:22:06,1,1\episode_20250819_203141_ㅈ_1.csv,296,771.0,779.0,762.0,396.0,827.0,flex3 < lower
2025-09-02 11:22:06,1,1\episode_20250819_203150_ㅈ_1.csv,0,773.0,781.0,783.0,427.0,824.0,flex3 > upper
2025-09-02 11:22:06,1,1\episode_20250819_203150_ㅈ_1.csv,18,763.0,773.0,773.0,414.0,829.0,flex1 < lower
2025-09-02 11:22:06,1,1\episode_20250819_203150_ㅈ_1.csv,49,775.0,791.0,769.0,319.0,826.0,flex2 > upper
2025-09-02 11:22:06,1,1\episode_20250819_203150_ㅈ_1.csv,54,775.0,793.0,770.0,417.0,824.0,flex2 > upper
2025-09-02 11:22:06,1,1\episode_20250819_203150_ㅈ_1.csv,55,763.0,782.0,775.0,450.0,830.0,flex1 < lower
2025-09-02 11:22:06,1,1\episode_20250819_203150_ㅈ_1.csv,56,774.0,780.0,788.0,391.0,837.0,flex3 > upper
2025-09-02 11:22:06,1,1\episode_20250819_203150_ㅈ_1.csv,72,774.0,797.0,770.0,422.0,827.0,flex2 > upper
2025-09-02 11:22:06,1,1\episode_20250819_203150_ㅈ_1.csv,87,769.0,775.0,760.0,377.0,831.0,flex3 < lower
2025-09-02 11:22:06,1,1\episode_20250819_203150_ㅈ_1.csv,91,773.0,779.0,770.0,357.0,855.0,flex5 > upper
2025-09-02 11:22:06,1,1\episode_20250819_203150_ㅈ_1.csv,100,774.0,782.0,761.0,382.0,828.0,flex3 < lower
2025-09-02 11:22:06,1,1\episode_20250819_203150_ㅈ_1.csv,128,776.0,797.0,772.0,314.0,837.0,flex2 > upper
2025-09-02 11:22:06,1,1\episode_20250819_203150_ㅈ_1.csv,136,774.0,773.0,789.0,309.0,822.0,flex3 > upper
2025-09-02 11:22:06,1,1\episode_20250819_203150_ㅈ_1.csv,140,773.0,769.0,774.0,379.0,824.0,flex2 < lower
2025-09-02 11:22:06,1,1\episode_20250819_203150_ㅈ_1.csv,151,771.0,780.0,775.0,346.0,813.0,flex5 < lower
2025-09-02 11:22:06,1,1\episode_20250819_203150_ㅈ_1.csv,169,771.0,782.0,784.0,407.0,826.0,flex3 > upper
2025-09-02 11:22:06,1,1\episode_20250819_203150_ㅈ_1.csv,188,769.0,780.0,785.0,318.0,829.0,flex3 > upper
2025-09-02 11:22:06,1,1\episode_20250819_203150_ㅈ_1.csv,191,776.0,783.0,776.0,435.0,863.0,flex5 > upper
2025-09-02 11:22:06,1,1\episode_20250819_203150_ㅈ_1.csv,196,762.0,776.0,769.0,453.0,831.0,flex1 < lower
2025-09-02 11:22:06,1,1\episode_20250819_203150_ㅈ_1.csv,220,785.0,780.0,772.0,351.0,824.0,flex1 > upper
2025-09-02 11:22:06,1,1\episode_20250819_203150_ㅈ_1.csv,221,773.0,790.0,773.0,295.0,820.0,flex2 > upper
2025-09-02 11:22:06,1,1\episode_20250819_203150_ㅈ_1.csv,227,774.0,777.0,771.0,428.0,811.0,flex5 < lower
2025-09-02 11:22:06,1,1\episode_20250819_203150_ㅈ_1.csv,238,768.0,779.0,762.0,355.0,825.0,flex3 < lower
2025-09-02 11:22:06,1,1\episode_20250819_203150_ㅈ_1.csv,247,781.0,777.0,773.0,303.0,831.0,flex1 > upper
2025-09-02 11:22:06,1,1\episode_20250819_203150_ㅈ_1.csv,271,777.0,783.0,784.0,274.0,826.0,flex3 > upper
2025-09-02 11:22:06,1,1\episode_20250819_203150_ㅈ_1.csv,282,771.0,778.0,773.0,452.0,845.0,flex5 > upper
2025-09-02 11:22:06,1,1\episode_20250819_203150_ㅈ_1.csv,285,775.0,780.0,762.0,313.0,822.0,flex3 < lower
2025-09-02 11:22:06,1,1\episode_20250819_203150_ㅈ_1.csv,289,782.0,785.0,770.0,437.0,829.0,flex1 > upper
2025-09-02 11:22:06,1,1\episode_20250819_203159_ㅈ_1.csv,2,775.0,779.0,762.0,425.0,820.0,flex3 < lower
2025-09-02 11:22:06,1,1\episode_20250819_203159_ㅈ_1.csv,25,762.0,787.0,774.0,405.0,832.0,flex1 < lower
2025-09-02 11:22:06,1,1\episode_20250819_203159_ㅈ_1.csv,33,773.0,782.0,785.0,441.0,832.0,flex3 > upper
2025-09-02 11:22:06,1,1\episode_20250819_203159_ㅈ_1.csv,50,772.0,779.0,766.0,387.0,813.0,flex5 < lower
2025-09-02 11:22:06,1,1\episode_20250819_203159_ㅈ_1.csv,75,774.0,782.0,773.0,311.0,842.0,flex5 > upper
2025-09-02 11:22:06,1,1\episode_20250819_203159_ㅈ_1.csv,85,776.0,773.0,775.0,320.0,855.0,flex5 > upper
2025-09-02 11:22:06,1,1\episode_20250819_203159_ㅈ_1.csv,88,773.0,791.0,776.0,322.0,827.0,flex2 > upper
2025-09-02 11:22:06,1,1\episode_20250819_203159_ㅈ_1.csv,90,763.0,788.0,772.0,332.0,825.0,flex1 < lower
2025-09-02 11:22:06,1,1\episode_20250819_203159_ㅈ_1.csv,140,774.0,775.0,756.0,362.0,824.0,flex3 < lower
2025-09-02 11:22:06,1,1\episode_20250819_203159_ㅈ_1.csv,160,776.0,786.0,793.0,395.0,821.0,flex3 > upper
2025-09-02 11:22:06,1,1\episode_20250819_203159_ㅈ_1.csv,179,776.0,768.0,775.0,431.0,826.0,flex2 < lower
2025-09-02 11:22:06,1,1\episode_20250819_203159_ㅈ_1.csv,182,769.0,769.0,767.0,428.0,826.0,flex2 < lower
2025-09-02 11:22:06,1,1\episode_20250819_203159_ㅈ_1.csv,190,779.0,782.0,773.0,420.0,843.0,flex5 > upper
2025-09-02 11:22:06,1,1\episode_20250819_203159_ㅈ_1.csv,197,780.0,765.0,770.0,365.0,829.0,flex2 < lower
2025-09-02 11:22:06,1,1\episode_20250819_203159_ㅈ_1.csv,210,778.0,790.0,773.0,328.0,827.0,flex2 > upper
2025-09-02 11:22:06,1,1\episode_20250819_203159_ㅈ_1.csv,213,777.0,787.0,762.0,308.0,835.0,flex3 < lower
2025-09-02 11:22:06,1,1\episode_20250819_203159_ㅈ_1.csv,251,775.0,767.0,769.0,301.0,831.0,flex2 < lower
2025-09-02 11:22:06,1,1\episode_20250819_203159_ㅈ_1.csv,255,786.0,779.0,763.0,336.0,821.0,flex1 > upper
2025-09-02 11:22:06,1,1\episode_20250819_203159_ㅈ_1.csv,258,769.0,790.0,774.0,437.0,823.0,flex2 > upper
2025-09-02 11:22:06,1,1\episode_20250819_203159_ㅈ_1.csv,286,766.0,784.0,765.0,324.0,813.0,flex5 < lower
2025-09-02 11:22:06,1,1\episode_20250819_203159_ㅈ_1.csv,290,761.0,780.0,772.0,387.0,810.0,flex1 < lower; flex5 < lower
2025-09-02 11:22:06,1,1\episode_20250819_203159_ㅈ_1.csv,291,769.0,777.0,788.0,268.0,821.0,flex3 > upper
2025-09-02 11:22:06,1,1\episode_20250819_203159_ㅈ_1.csv,298,772.0,774.0,789.0,450.0,815.0,flex3 > upper
2025-09-02 11:22:06,2,2\episode_20250819_203040_ㅈ_2.csv,3,772.0,777.0,771.0,443.0,856.0,flex5 > upper
2025-09-02 11:22:06,2,2\episode_20250819_203040_ㅈ_2.csv,12,761.0,782.0,774.0,342.0,851.0,flex1 < lower
2025-09-02 11:22:06,2,2\episode_20250819_203040_ㅈ_2.csv,17,775.0,775.0,775.0,395.0,861.0,flex5 > upper
2025-09-02 11:22:06,2,2\episode_20250819_203040_ㅈ_2.csv,19,763.0,780.0,772.0,433.0,847.0,flex1 < lower
2025-09-02 11:22:06,2,2\episode_20250819_203040_ㅈ_2.csv,31,770.0,775.0,774.0,428.0,855.0,flex5 > upper
2025-09-02 11:22:06,2,2\episode_20250819_203040_ㅈ_2.csv,32,772.0,784.0,774.0,347.0,853.0,flex5 > upper
2025-09-02 11:22:06,2,2\episode_20250819_203040_ㅈ_2.csv,33,775.0,776.0,778.0,318.0,853.0,flex5 > upper
2025-09-02 11:22:06,2,2\episode_20250819_203040_ㅈ_2.csv,37,774.0,788.0,777.0,458.0,855.0,flex5 > upper
2025-09-02 11:22:06,2,2\episode_20250819_203040_ㅈ_2.csv,43,774.0,779.0,770.0,329.0,853.0,flex5 > upper
2025-09-02 11:22:06,2,2\episode_20250819_203040_ㅈ_2.csv,44,770.0,779.0,774.0,270.0,854.0,flex5 > upper
2025-09-02 11:22:06,2,2\episode_20250819_203040_ㅈ_2.csv,51,772.0,766.0,770.0,382.0,847.0,flex2 < lower
2025-09-02 11:22:06,2,2\episode_20250819_203040_ㅈ_2.csv,54,767.0,783.0,776.0,302.0,862.0,flex5 > upper
2025-09-02 11:22:06,2,2\episode_20250819_203040_ㅈ_2.csv,57,770.0,781.0,770.0,409.0,855.0,flex5 > upper
2025-09-02 11:22:06,2,2\episode_20250819_203040_ㅈ_2.csv,58,761.0,780.0,772.0,311.0,837.0,flex1 < lower
2025-09-02 11:22:06,2,2\episode_20250819_203040_ㅈ_2.csv,66,770.0,782.0,765.0,418.0,853.0,flex5 > upper
2025-09-02 11:22:06,2,2\episode_20250819_203040_ㅈ_2.csv,67,772.0,779.0,769.0,323.0,859.0,flex5 > upper
2025-09-02 11:22:06,2,2\episode_20250819_203040_ㅈ_2.csv,76,770.0,777.0,776.0,305.0,853.0,flex5 > upper
2025-09-02 11:22:06,2,2\episode_20250819_203040_ㅈ_2.csv,78,775.0,784.0,772.0,421.0,861.0,flex5 > upper
2025-09-02 11:22:06,2,2\episode_20250819_203040_ㅈ_2.csv,79,774.0,779.0,775.0,428.0,856.0,flex5 > upper
2025-09-02 11:22:06,2,2\episode_20250819_203040_ㅈ_2.csv,80,763.0,780.0,768.0,331.0,848.0,flex1 < lower
2025-09-02 11:22:06,2,2\episode_20250819_203040_ㅈ_2.csv,91,765.0,786.0,784.0,386.0,846.0,flex3 > upper
2025-09-02 11:22:06,2,2\episode_20250819_203040_ㅈ_2.csv,100,769.0,786.0,758.0,408.0,840.0,flex3 < lower
2025-09-02 11:22:06,2,2\episode_20250819_203040_ㅈ_2.csv,104,770.0,779.0,787.0,331.0,843.0,flex3 > upper
2025-09-02 11:22:06,2,2\episode_20250819_203040_ㅈ_2.csv,138,782.0,779.0,774.0,437.0,841.0,flex1 > upper
2025-09-02 11:22:06,2,2\episode_20250819_203040_ㅈ_2.csv,163,773.0,783.0,762.0,409.0,841.0,flex3 < lower
2025-09-02 11:22:06,2,2\episode_20250819_203040_ㅈ_2.csv,174,772.0,798.0,772.0,309.0,845.0,flex2 > upper
2025-09-02 11:22:06,2,2\episode_20250819_203040_ㅈ_2.csv,183,772.0,780.0,773.0,322.0,864.0,flex5 > upper
2025-09-02 11:22:06,2,2\episode_20250819_203040_ㅈ_2.csv,185,775.0,783.0,769.0,429.0,856.0,flex5 > upper
2025-09-02 11:22:06,2,2\episode_20250819_203040_ㅈ_2.csv,199,766.0,780.0,773.0,430.0,862.0,flex5 > upper
2025-09-02 11:22:06,2,2\episode_20250819_203040_ㅈ_2.csv,202,760.0,780.0,773.0,300.0,840.0,flex1 < lower
2025-09-02 11:22:06,2,2\episode_20250819_203040_ㅈ_2.csv,204,775.0,780.0,778.0,396.0,865.0,flex5 > upper
2025-09-02 11:22:06,2,2\episode_20250819_203040_ㅈ_2.csv,210,761.0,777.0,773.0,331.0,842.0,flex1 < lower
2025-09-02 11:22:06,2,2\episode_20250819_203040_ㅈ_2.csv,212,769.0,785.0,789.0,449.0,843.0,flex3 > upper
2025-09-02 11:22:06,2,2\episode_20250819_203040_ㅈ_2.csv,234,763.0,784.0,775.0,432.0,832.0,flex1 < lower
2025-09-02 11:22:06,2,2\episode_20250819_203040_ㅈ_2.csv,235,772.0,782.0,782.0,420.0,867.0,flex5 > upper
2025-09-02 11:22:06,2,2\episode_20250819_203040_ㅈ_2.csv,262,767.0,782.0,771.0,412.0,856.0,flex5 > upper
2025-09-02 11:22:06,2,2\episode_20250819_203040_ㅈ_2.csv,269,769.0,780.0,762.0,391.0,842.0,flex3 < lower
2025-09-02 11:22:06,2,2\episode_20250819_203040_ㅈ_2.csv,283,772.0,781.0,787.0,437.0,832.0,flex3 > upper
2025-09-02 11:22:06,2,2\episode_20250819_203040_ㅈ_2.csv,287,771.0,776.0,769.0,443.0,827.0,flex5 < lower
2025-09-02 11:22:06,2,2\episode_20250819_203048_ㅈ_2.csv,5,768.0,781.0,775.0,435.0,864.0,flex5 > upper
2025-09-02 11:22:06,2,2\episode_20250819_203048_ㅈ_2.csv,8,773.0,775.0,786.0,345.0,824.0,flex3 > upper; flex5 < lower
2025-09-02 11:22:06,2,2\episode_20250819_203048_ㅈ_2.csv,36,774.0,777.0,769.0,369.0,855.0,flex5 > upper
2025-09-02 11:22:06,2,2\episode_20250819_203048_ㅈ_2.csv,37,764.0,779.0,785.0,437.0,842.0,flex3 > upper
2025-09-02 11:22:06,2,2\episode_20250819_203048_ㅈ_2.csv,58,770.0,798.0,782.0,339.0,836.0,flex2 > upper
2025-09-02 11:22:06,2,2\episode_20250819_203048_ㅈ_2.csv,65,772.0,798.0,770.0,319.0,838.0,flex2 > upper
2025-09-02 11:22:06,2,2\episode_20250819_203048_ㅈ_2.csv,83,773.0,780.0,777.0,449.0,855.0,flex5 > upper
2025-09-02 11:22:06,2,2\episode_20250819_203048_ㅈ_2.csv,86,773.0,780.0,783.0,349.0,847.0,flex3 > upper
2025-09-02 11:22:06,2,2\episode_20250819_203048_ㅈ_2.csv,89,769.0,781.0,785.0,274.0,827.0,flex3 > upper; flex5 < lower
2025-09-02 11:22:06,2,2\episode_20250819_203048_ㅈ_2.csv,91,775.0,771.0,787.0,424.0,838.0,flex3 > upper
2025-09-02 11:22:06,2,2\episode_20250819_203048_ㅈ_2.csv,98,772.0,779.0,786.0,307.0,838.0,flex3 > upper
2025-09-02 11:22:06,2,2\episode_20250819_203048_ㅈ_2.csv,104,762.0,781.0,773.0,382.0,840.0,flex1 < lower
2025-09-02 11:22:06,2,2\episode_20250819_203048_ㅈ_2.csv,107,770.0,776.0,762.0,302.0,835.0,flex3 < lower
2025-09-02 11:22:06,2,2\episode_20250819_203048_ㅈ_2.csv,128,776.0,782.0,761.0,345.0,837.0,flex3 < lower
2025-09-02 11:22:06,2,2\episode_20250819_203048_ㅈ_2.csv,156,770.0,785.0,776.0,440.0,874.0,flex5 > upper
2025-09-02 11:22:06,2,2\episode_20250819_203048_ㅈ_2.csv,167,784.0,777.0,778.0,414.0,838.0,flex1 > upper
2025-09-02 11:22:06,2,2\episode_20250819_203048_ㅈ_2.csv,171,774.0,779.0,773.0,449.0,825.0,flex5 < lower
2025-09-02 11:22:06,2,2\episode_20250819_203048_ㅈ_2.csv,184,763.0,775.0,775.0,324.0,844.0,flex1 < lower
2025-09-02 11:22:06,2,2\episode_20250819_203048_ㅈ_2.csv,199,771.0,783.0,773.0,424.0,823.0,flex5 < lower
2025-09-02 11:22:06,2,2\episode_20250819_203048_ㅈ_2.csv,204,772.0,783.0,779.0,437.0,866.0,flex5 > upper
2025-09-02 11:22:06,2,2\episode_20250819_203048_ㅈ_2.csv,212,773.0,779.0,783.0,369.0,837.0,flex3 > upper
2025-09-02 11:22:06,2,2\episode_20250819_203048_ㅈ_2.csv,272,767.0,782.0,786.0,308.0,844.0,flex3 > upper
2025-09-02 11:22:06,2,2\episode_20250819_203048_ㅈ_2.csv,273,768.0,780.0,779.0,351.0,826.0,flex5 < lower
2025-09-02 11:22:06,2,2\episode_20250819_203057_ㅈ_2.csv,12,779.0,775.0,764.0,427.0,859.0,flex5 > upper
2025-09-02 11:22:06,2,2\episode_20250819_203057_ㅈ_2.csv,13,767.0,786.0,758.0,381.0,845.0,flex3 < lower
2025-09-02 11:22:06,2,2\episode_20250819_203057_ㅈ_2.csv,24,774.0,780.0,783.0,340.0,838.0,flex3 > upper
2025-09-02 11:22:06,2,2\episode_20250819_203057_ㅈ_2.csv,58,772.0,779.0,775.0,431.0,868.0,flex5 > upper
2025-09-02 11:22:06,2,2\episode_20250819_203057_ㅈ_2.csv,63,763.0,788.0,773.0,396.0,836.0,flex1 < lower
2025-09-02 11:22:06,2,2\episode_20250819_203057_ㅈ_2.csv,66,771.0,783.0,774.0,353.0,855.0,flex5 > upper
2025-09-02 11:22:06,2,2\episode_20250819_203057_ㅈ_2.csv,83,785.0,782.0,781.0,374.0,840.0,flex1 > upper
2025-09-02 11:22:06,2,2\episode_20250819_203057_ㅈ_2.csv,96,772.0,785.0,762.0,421.0,841.0,flex3 < lower
2025-09-02 11:22:06,2,2\episode_20250819_203057_ㅈ_2.csv,102,762.0,780.0,775.0,308.0,842.0,flex1 < lower
2025-09-02 11:22:06,2,2\episode_20250819_203057_ㅈ_2.csv,129,767.0,781.0,767.0,393.0,824.0,flex5 < lower
2025-09-02 11:22:06,2,2\episode_20250819_203057_ㅈ_2.csv,137,762.0,782.0,771.0,418.0,839.0,flex1 < lower
2025-09-02 11:22:06,2,2\episode_20250819_203057_ㅈ_2.csv,168,772.0,784.0,776.0,436.0,875.0,flex5 > upper
2025-09-02 11:22:06,2,2\episode_20250819_203057_ㅈ_2.csv,170,768.0,788.0,776.0,313.0,859.0,flex5 > upper
2025-09-02 11:22:06,2,2\episode_20250819_203057_ㅈ_2.csv,232,777.0,777.0,776.0,382.0,864.0,flex5 > upper
2025-09-02 11:22:06,2,2\episode_20250819_203057_ㅈ_2.csv,245,774.0,772.0,777.0,344.0,853.0,flex5 > upper
2025-09-02 11:22:06,2,2\episode_20250819_203057_ㅈ_2.csv,271,776.0,772.0,761.0,301.0,836.0,flex3 < lower
2025-09-02 11:22:06,2,2\episode_20250819_203057_ㅈ_2.csv,276,772.0,779.0,772.0,335.0,874.0,flex5 > upper
2025-09-02 11:22:06,2,2\episode_20250819_203057_ㅈ_2.csv,299,761.0,779.0,773.0,334.0,831.0,flex1 < lower
2025-09-02 11:22:06,2,2\episode_20250819_203106_ㅈ_2.csv,2,763.0,776.0,773.0,315.0,836.0,flex1 < lower
2025-09-02 11:22:06,2,2\episode_20250819_203106_ㅈ_2.csv,73,771.0,774.0,765.0,316.0,826.0,flex5 < lower
2025-09-02 11:22:06,2,2\episode_20250819_203106_ㅈ_2.csv,85,775.0,787.0,769.0,422.0,827.0,flex5 < lower
2025-09-02 11:22:06,2,2\episode_20250819_203106_ㅈ_2.csv,111,774.0,786.0,784.0,320.0,837.0,flex3 > upper
2025-09-02 11:22:06,2,2\episode_20250819_203106_ㅈ_2.csv,125,774.0,784.0,771.0,326.0,825.0,flex5 < lower
2025-09-02 11:22:06,2,2\episode_20250819_203106_ㅈ_2.csv,130,774.0,766.0,770.0,410.0,841.0,flex2 < lower
2025-09-02 11:22:06,2,2\episode_20250819_203106_ㅈ_2.csv,168,770.0,783.0,771.0,420.0,856.0,flex5 > upper
2025-09-02 11:22:06,2,2\episode_20250819_203106_ㅈ_2.csv,188,769.0,777.0,767.0,342.0,872.0,flex5 > upper
2025-09-02 11:22:06,2,2\episode_20250819_203106_ㅈ_2.csv,214,771.0,782.0,760.0,349.0,835.0,flex3 < lower
2025-09-02 11:22:06,2,2\episode_20250819_203106_ㅈ_2.csv,228,772.0,797.0,776.0,309.0,843.0,flex2 > upper
2025-09-02 11:22:06,2,2\episode_20250819_203106_ㅈ_2.csv,231,773.0,787.0,779.0,430.0,855.0,flex5 > upper
2025-09-02 11:22:06,2,2\episode_20250819_203106_ㅈ_2.csv,249,772.0,777.0,786.0,375.0,837.0,flex3 > upper
2025-09-02 11:22:06,2,2\episode_20250819_203106_ㅈ_2.csv,255,783.0,774.0,781.0,421.0,842.0,flex1 > upper
2025-09-02 11:22:06,2,2\episode_20250819_203106_ㅈ_2.csv,258,771.0,775.0,774.0,363.0,857.0,flex5 > upper
2025-09-02 11:22:06,2,2\episode_20250819_203106_ㅈ_2.csv,266,770.0,775.0,788.0,272.0,841.0,flex3 > upper
2025-09-02 11:22:06,2,2\episode_20250819_203106_ㅈ_2.csv,269,770.0,776.0,761.0,384.0,830.0,flex3 < lower
2025-09-02 11:22:06,2,2\episode_20250819_203106_ㅈ_2.csv,271,773.0,795.0,775.0,338.0,836.0,flex2 > upper
2025-09-02 11:22:06,2,2\episode_20250819_203106_ㅈ_2.csv,272,773.0,777.0,760.0,446.0,839.0,flex3 < lower
2025-09-02 11:22:06,2,2\episode_20250819_203115_ㅈ_2.csv,1,775.0,780.0,789.0,319.0,834.0,flex3 > upper
2025-09-02 11:22:06,2,2\episode_20250819_203115_ㅈ_2.csv,15,774.0,775.0,777.0,386.0,855.0,flex5 > upper
2025-09-02 11:22:06,2,2\episode_20250819_203115_ㅈ_2.csv,27,772.0,780.0,770.0,420.0,875.0,flex5 > upper
2025-09-02 11:22:06,2,2\episode_20250819_203115_ㅈ_2.csv,37,762.0,773.0,771.0,338.0,835.0,flex1 < lower
2025-09-02 11:22:06,2,2\episode_20250819_203115_ㅈ_2.csv,39,778.0,780.0,774.0,405.0,854.0,flex5 > upper
2025-09-02 11:22:06,2,2\episode_20250819_203115_ㅈ_2.csv,56,772.0,780.0,775.0,386.0,854.0,flex5 > upper
2025-09-02 11:22:06,2,2\episode_20250819_203115_ㅈ_2.csv,61,770.0,787.0,768.0,324.0,827.0,flex5 < lower
2025-09-02 11:22:06,2,2\episode_20250819_203115_ㅈ_2.csv,63,774.0,775.0,789.0,400.0,841.0,flex3 > upper
2025-09-02 11:22:06,2,2\episode_20250819_203115_ㅈ_2.csv,80,775.0,784.0,791.0,312.0,839.0,flex3 > upper
2025-09-02 11:22:06,2,2\episode_20250819_203115_ㅈ_2.csv,90,781.0,783.0,771.0,370.0,847.0,flex1 > upper
2025-09-02 11:22:06,2,2\episode_20250819_203115_ㅈ_2.csv,92,773.0,785.0,765.0,404.0,853.0,flex5 > upper
2025-09-02 11:22:06,2,2\episode_20250819_203115_ㅈ_2.csv,95,766.0,786.0,762.0,433.0,836.0,flex3 < lower
2025-09-02 11:22:06,2,2\episode_20250819_203115_ㅈ_2.csv,96,776.0,799.0,764.0,410.0,846.0,flex2 > upper
2025-09-02 11:22:06,2,2\episode_20250819_203115_ㅈ_2.csv,105,771.0,780.0,760.0,410.0,835.0,flex3 < lower
2025-09-02 11:22:06,2,2\episode_20250819_203115_ㅈ_2.csv,111,771.0,777.0,774.0,300.0,826.0,flex5 < lower
2025-09-02 11:22:06,2,2\episode_20250819_203115_ㅈ_2.csv,113,773.0,782.0,772.0,450.0,876.0,flex5 > upper
2025-09-02 11:22:06,2,2\episode_20250819_203115_ㅈ_2.csv,136,776.0,783.0,760.0,384.0,840.0,flex3 < lower
2025-09-02 11:22:06,2,2\episode_20250819_203115_ㅈ_2.csv,138,770.0,795.0,776.0,311.0,833.0,flex2 > upper
2025-09-02 11:22:06,2,2\episode_20250819_203115_ㅈ_2.csv,155,774.0,780.0,772.0,311.0,856.0,flex5 > upper
2025-09-02 11:22:06,2,2\episode_20250819_203115_ㅈ_2.csv,158,773.0,782.0,776.0,426.0,856.0,flex5 > upper
2025-09-02 11:22:06,2,2\episode_20250819_203115_ㅈ_2.csv,159,772.0,781.0,772.0,345.0,858.0,flex5 > upper
2025-09-02 11:22:06,2,2\episode_20250819_203115_ㅈ_2.csv,160,768.0,779.0,777.0,319.0,853.0,flex5 > upper
2025-09-02 11:22:06,2,2\episode_20250819_203115_ㅈ_2.csv,181,773.0,777.0,768.0,445.0,827.0,flex5 < lower
2025-09-02 11:22:06,2,2\episode_20250819_203115_ㅈ_2.csv,191,772.0,796.0,774.0,452.0,859.0,flex2 > upper; flex5 > upper
2025-09-02 11:22:06,2,2\episode_20250819_203115_ㅈ_2.csv,194,774.0,781.0,772.0,366.0,855.0,flex5 > upper
2025-09-02 11:22:06,2,2\episode_20250819_203115_ㅈ_2.csv,222,776.0,768.0,773.0,427.0,840.0,flex2 < lower
2025-09-02 11:22:06,2,2\episode_20250819_203115_ㅈ_2.csv,226,781.0,799.0,771.0,438.0,847.0,flex1 > upper; flex2 > upper
2025-09-02 11:22:06,2,2\episode_20250819_203115_ㅈ_2.csv,240,771.0,768.0,776.0,347.0,847.0,flex2 < lower
2025-09-02 11:22:06,2,2\episode_20250819_203115_ㅈ_2.csv,250,776.0,788.0,766.0,433.0,860.0,flex5 > upper
2025-09-02 11:22:06,2,2\episode_20250819_203115_ㅈ_2.csv,253,762.0,787.0,779.0,404.0,840.0,flex1 < lower
2025-09-02 11:22:06,2,2\episode_20250819_203115_ㅈ_2.csv,254,771.0,777.0,759.0,301.0,839.0,flex3 < lower
2025-09-02 11:22:06,2,2\episode_20250819_203115_ㅈ_2.csv,256,772.0,781.0,777.0,423.0,826.0,flex5 < lower
2025-09-02 11:22:06,2,2\episode_20250819_203115_ㅈ_2.csv,280,762.0,781.0,775.0,400.0,837.0,flex1 < lower
2025-09-02 11:22:06,2,2\episode_20250819_203115_ㅈ_2.csv,296,785.0,773.0,775.0,425.0,845.0,flex1 > upper
2025-09-02 11:22:06,3,3\episode_20250819_202956_ㅈ_3.csv,5,759.0,785.0,777.0,333.0,862.0,flex1 < lower
2025-09-02 11:22:06,3,3\episode_20250819_202956_ㅈ_3.csv,6,768.0,787.0,776.0,402.0,880.0,flex5 > upper
2025-09-02 11:22:06,3,3\episode_20250819_202956_ㅈ_3.csv,12,779.0,777.0,776.0,417.0,879.0,flex1 > upper; flex5 > upper
2025-09-02 11:22:06,3,3\episode_20250819_202956_ㅈ_3.csv,21,764.0,782.0,774.0,412.0,879.0,flex5 > upper
2025-09-02 11:22:06,3,3\episode_20250819_202956_ㅈ_3.csv,42,770.0,779.0,774.0,445.0,884.0,flex5 > upper
2025-09-02 11:22:06,3,3\episode_20250819_202956_ㅈ_3.csv,60,761.0,781.0,774.0,434.0,867.0,flex1 < lower
2025-09-02 11:22:06,3,3\episode_20250819_202956_ㅈ_3.csv,83,772.0,796.0,776.0,442.0,865.0,flex2 > upper
2025-09-02 11:22:06,3,3\episode_20250819_202956_ㅈ_3.csv,98,780.0,778.0,774.0,436.0,869.0,flex1 > upper
2025-09-02 11:22:06,3,3\episode_20250819_202956_ㅈ_3.csv,168,775.0,774.0,783.0,308.0,861.0,flex3 > upper
2025-09-02 11:22:06,3,3\episode_20250819_202956_ㅈ_3.csv,189,770.0,780.0,773.0,345.0,891.0,flex5 > upper
2025-09-02 11:22:06,3,3\episode_20250819_202956_ㅈ_3.csv,196,784.0,779.0,774.0,350.0,862.0,flex1 > upper
2025-09-02 11:22:06,3,3\episode_20250819_202956_ㅈ_3.csv,206,769.0,800.0,770.0,312.0,865.0,flex2 > upper
2025-09-02 11:22:06,3,3\episode_20250819_202956_ㅈ_3.csv,211,772.0,777.0,788.0,352.0,867.0,flex3 > upper
2025-09-02 11:22:06,3,3\episode_20250819_202956_ㅈ_3.csv,215,771.0,799.0,774.0,299.0,857.0,flex2 > upper
2025-09-02 11:22:06,3,3\episode_20250819_202956_ㅈ_3.csv,216,783.0,780.0,773.0,417.0,862.0,flex1 > upper
2025-09-02 11:22:06,3,3\episode_20250819_202956_ㅈ_3.csv,220,771.0,783.0,760.0,334.0,865.0,flex3 < lower
2025-09-02 11:22:06,3,3\episode_20250819_202956_ㅈ_3.csv,226,767.0,789.0,783.0,420.0,858.0,flex3 > upper
2025-09-02 11:22:06,3,3\episode_20250819_202956_ㅈ_3.csv,259,771.0,780.0,766.0,345.0,887.0,flex5 > upper
2025-09-02 11:22:06,3,3\episode_20250819_202956_ㅈ_3.csv,261,761.0,788.0,774.0,436.0,870.0,flex1 < lower
2025-09-02 11:22:06,3,3\episode_20250819_202956_ㅈ_3.csv,269,760.0,782.0,771.0,317.0,865.0,flex1 < lower
2025-09-02 11:22:06,3,3\episode_20250819_202956_ㅈ_3.csv,299,770.0,776.0,784.0,352.0,869.0,flex3 > upper
2025-09-02 11:22:06,3,3\episode_20250819_203005_ㅈ_3.csv,24,766.0,784.0,774.0,301.0,883.0,flex5 > upper
2025-09-02 11:22:06,3,3\episode_20250819_203005_ㅈ_3.csv,45,766.0,782.0,771.0,360.0,881.0,flex5 > upper
2025-09-02 11:22:06,3,3\episode_20250819_203005_ㅈ_3.csv,71,769.0,781.0,786.0,329.0,851.0,flex3 > upper
2025-09-02 11:22:06,3,3\episode_20250819_203005_ㅈ_3.csv,96,770.0,779.0,792.0,329.0,853.0,flex3 > upper
2025-09-02 11:22:06,3,3\episode_20250819_203005_ㅈ_3.csv,125,774.0,782.0,762.0,439.0,865.0,flex3 < lower
2025-09-02 11:22:06,3,3\episode_20250819_203005_ㅈ_3.csv,175,775.0,780.0,762.0,443.0,858.0,flex3 < lower
2025-09-02 11:22:06,3,3\episode_20250819_203005_ㅈ_3.csv,185,761.0,789.0,772.0,342.0,862.0,flex1 < lower
2025-09-02 11:22:06,3,3\episode_20250819_203005_ㅈ_3.csv,198,770.0,785.0,762.0,416.0,859.0,flex3 < lower
2025-09-02 11:22:06,3,3\episode_20250819_203005_ㅈ_3.csv,203,770.0,786.0,789.0,322.0,853.0,flex3 > upper
2025-09-02 11:22:06,3,3\episode_20250819_203005_ㅈ_3.csv,211,769.0,782.0,774.0,429.0,883.0,flex5 > upper
2025-09-02 11:22:06,3,3\episode_20250819_203005_ㅈ_3.csv,220,779.0,773.0,769.0,412.0,859.0,flex1 > upper
2025-09-02 11:22:06,3,3\episode_20250819_203005_ㅈ_3.csv,225,771.0,769.0,784.0,318.0,863.0,flex2 < lower; flex3 > upper
2025-09-02 11:22:06,3,3\episode_20250819_203005_ㅈ_3.csv,228,769.0,800.0,769.0,457.0,864.0,flex2 > upper
2025-09-02 11:22:06,3,3\episode_20250819_203005_ㅈ_3.csv,251,759.0,785.0,771.0,420.0,857.0,flex1 < lower
2025-09-02 11:22:06,3,3\episode_20250819_203005_ㅈ_3.csv,261,769.0,796.0,770.0,295.0,849.0,flex2 > upper
2025-09-02 11:22:06,3,3\episode_20250819_203005_ㅈ_3.csv,274,769.0,783.0,784.0,392.0,850.0,flex3 > upper
2025-09-02 11:22:06,3,3\episode_20250819_203005_ㅈ_3.csv,290,779.0,779.0,771.0,406.0,854.0,flex1 > upper
2025-09-02 11:22:06,3,3\episode_20250819_203005_ㅈ_3.csv,299,780.0,787.0,773.0,415.0,855.0,flex1 > upper
2025-09-02 11:22:06,3,3\episode_20250819_203013_ㅈ_3.csv,1,779.0,784.0,768.0,371.0,863.0,flex1 > upper
2025-09-02 11:22:06,3,3\episode_20250819_203013_ㅈ_3.csv,40,779.0,783.0,776.0,358.0,846.0,flex1 > upper
2025-09-02 11:22:06,3,3\episode_20250819_203013_ㅈ_3.csv,41,769.0,785.0,789.0,299.0,849.0,flex3 > upper
2025-09-02 11:22:06,3,3\episode_20250819_203013_ㅈ_3.csv,61,782.0,775.0,775.0,330.0,858.0,flex1 > upper
2025-09-02 11:22:06,3,3\episode_20250819_203013_ㅈ_3.csv,75,766.0,772.0,773.0,336.0,885.0,flex5 > upper
2025-09-02 11:22:06,3,3\episode_20250819_203013_ㅈ_3.csv,98,774.0,778.0,774.0,431.0,895.0,flex5 > upper
2025-09-02 11:22:06,3,3\episode_20250819_203013_ㅈ_3.csv,127,772.0,779.0,775.0,395.0,880.0,flex5 > upper
2025-09-02 11:22:06,3,3\episode_20250819_203013_ㅈ_3.csv,131,767.0,781.0,785.0,425.0,853.0,flex3 > upper
2025-09-02 11:22:06,3,3\episode_20250819_203013_ㅈ_3.csv,141,766.0,798.0,776.0,329.0,862.0,flex2 > upper
2025-09-02 11:22:06,3,3\episode_20250819_203013_ㅈ_3.csv,163,773.0,780.0,762.0,333.0,859.0,flex3 < lower
2025-09-02 11:22:06,3,3\episode_20250819_203013_ㅈ_3.csv,211,766.0,780.0,760.0,359.0,851.0,flex3 < lower
2025-09-02 11:22:06,3,3\episode_20250819_203013_ㅈ_3.csv,214,781.0,780.0,768.0,310.0,855.0,flex1 > upper
2025-09-02 11:22:06,3,3\episode_20250819_203013_ㅈ_3.csv,283,779.0,788.0,771.0,429.0,837.0,flex1 > upper
2025-09-02 11:22:06,3,3\episode_20250819_203013_ㅈ_3.csv,284,767.0,783.0,773.0,313.0,828.0,flex5 < lower
2025-09-02 11:22:06,3,3\episode_20250819_203013_ㅈ_3.csv,285,770.0,789.0,775.0,327.0,880.0,flex5 > upper
2025-09-02 11:22:06,3,3\episode_20250819_203022_ㅈ_3.csv,9,772.0,769.0,765.0,441.0,850.0,flex2 < lower
2025-09-02 11:22:06,3,3\episode_20250819_203022_ㅈ_3.csv,17,771.0,781.0,761.0,450.0,859.0,flex3 < lower
2025-09-02 11:22:06,3,3\episode_20250819_203022_ㅈ_3.csv,33,771.0,775.0,785.0,340.0,858.0,flex3 > upper
2025-09-02 11:22:06,3,3\episode_20250819_203022_ㅈ_3.csv,49,761.0,780.0,769.0,373.0,846.0,flex1 < lower
2025-09-02 11:22:06,3,3\episode_20250819_203022_ㅈ_3.csv,62,779.0,787.0,778.0,334.0,851.0,flex1 > upper
2025-09-02 11:22:06,3,3\episode_20250819_203022_ㅈ_3.csv,73,770.0,778.0,769.0,311.0,880.0,flex5 > upper
2025-09-02 11:22:06,3,3\episode_20250819_203022_ㅈ_3.csv,83,766.0,783.0,793.0,440.0,849.0,flex3 > upper
2025-09-02 11:22:06,3,3\episode_20250819_203022_ㅈ_3.csv,107,767.0,783.0,789.0,442.0,856.0,flex3 > upper
2025-09-02 11:22:06,3,3\episode_20250819_203022_ㅈ_3.csv,133,780.0,780.0,772.0,313.0,850.0,flex1 > upper
2025-09-02 11:22:06,3,3\episode_20250819_203022_ㅈ_3.csv,206,770.0,777.0,755.0,328.0,850.0,flex3 < lower
2025-09-02 11:22:06,3,3\episode_20250819_203022_ㅈ_3.csv,216,781.0,779.0,772.0,371.0,849.0,flex1 > upper
2025-09-02 11:22:06,3,3\episode_20250819_203022_ㅈ_3.csv,229,770.0,786.0,772.0,363.0,879.0,flex5 > upper
2025-09-02 11:22:06,3,3\episode_20250819_203022_ㅈ_3.csv,247,763.0,781.0,783.0,331.0,842.0,flex3 > upper
2025-09-02 11:22:06,3,3\episode_20250819_203022_ㅈ_3.csv,251,780.0,778.0,773.0,420.0,846.0,flex1 > upper
2025-09-02 11:22:06,3,3\episode_20250819_203022_ㅈ_3.csv,271,770.0,779.0,762.0,347.0,849.0,flex3 < lower
2025-09-02 11:22:06,3,3\episode_20250819_203022_ㅈ_3.csv,276,769.0,776.0,784.0,409.0,847.0,flex3 > upper
2025-09-02 11:22:06,3,3\episode_20250819_203022_ㅈ_3.csv,278,782.0,779.0,769.0,389.0,850.0,flex1 > upper
2025-09-02 11:22:06,3,3\episode_20250819_203022_ㅈ_3.csv,281,771.0,780.0,760.0,444.0,849.0,flex3 < lower
2025-09-02 11:22:06,3,3\episode_20250819_203022_ㅈ_3.csv,296,764.0,780.0,789.0,381.0,832.0,flex3 > upper
2025-09-02 11:22:06,3,3\episode_20250819_203031_ㅈ_3.csv,1,767.0,786.0,785.0,322.0,845.0,flex3 > upper
2025-09-02 11:22:06,3,3\episode_20250819_203031_ㅈ_3.csv,2,759.0,776.0,770.0,326.0,848.0,flex1 < lower
2025-09-02 11:22:06,3,3\episode_20250819_203031_ㅈ_3.csv,53,761.0,778.0,774.0,423.0,854.0,flex1 < lower
2025-09-02 11:22:06,3,3\episode_20250819_203031_ㅈ_3.csv,71,782.0,783.0,766.0,404.0,849.0,flex1 > upper
2025-09-02 11:22:06,3,3\episode_20250819_203031_ㅈ_3.csv,93,774.0,798.0,771.0,407.0,855.0,flex2 > upper
2025-09-02 11:22:06,3,3\episode_20250819_203031_ㅈ_3.csv,98,779.0,787.0,768.0,463.0,845.0,flex1 > upper
2025-09-02 11:22:06,3,3\episode_20250819_203031_ㅈ_3.csv,109,771.0,780.0,774.0,307.0,883.0,flex5 > upper
2025-09-02 11:22:06,3,3\episode_20250819_203031_ㅈ_3.csv,117,771.0,795.0,767.0,436.0,845.0,flex2 > upper
2025-09-02 11:22:06,3,3\episode_20250819_203031_ㅈ_3.csv,139,781.0,783.0,767.0,424.0,849.0,flex1 > upper
2025-09-02 11:22:06,3,3\episode_20250819_203031_ㅈ_3.csv,167,778.0,775.0,762.0,395.0,846.0,flex3 < lower
2025-09-02 11:22:06,3,3\episode_20250819_203031_ㅈ_3.csv,168,768.0,778.0,783.0,312.0,848.0,flex3 > upper
2025-09-02 11:22:06,3,3\episode_20250819_203031_ㅈ_3.csv,188,783.0,775.0,773.0,411.0,853.0,flex1 > upper
2025-09-02 11:22:06,3,3\episode_20250819_203031_ㅈ_3.csv,202,759.0,783.0,769.0,428.0,843.0,flex1 < lower
2025-09-02 11:22:06,3,3\episode_20250819_203031_ㅈ_3.csv,248,772.0,784.0,789.0,328.0,855.0,flex3 > upper
2025-09-02 11:22:06,3,3\episode_20250819_203031_ㅈ_3.csv,254,782.0,778.0,769.0,452.0,848.0,flex1 > upper
2025-09-02 11:22:06,3,3\episode_20250819_203031_ㅈ_3.csv,267,770.0,796.0,774.0,385.0,845.0,flex2 > upper
2025-09-02 11:22:06,3,3\episode_20250819_203031_ㅈ_3.csv,280,779.0,783.0,770.0,385.0,848.0,flex1 > upper
2025-09-02 11:22:06,3,3\episode_20250819_203031_ㅈ_3.csv,298,780.0,778.0,778.0,427.0,840.0,flex1 > upper
2025-09-02 11:22:06,4,4\episode_20250819_203208_ㅈ_4.csv,0,771.0,778.0,774.0,315.0,811.0,flex5 < lower
2025-09-02 11:22:06,4,4\episode_20250819_203208_ㅈ_4.csv,1,777.0,780.0,767.0,343.0,821.0,flex5 < lower
2025-09-02 11:22:06,4,4\episode_20250819_203208_ㅈ_4.csv,2,774.0,779.0,779.0,456.0,828.0,flex5 < lower
2025-09-02 11:22:06,4,4\episode_20250819_203208_ㅈ_4.csv,3,768.0,779.0,773.0,416.0,826.0,flex5 < lower
2025-09-02 11:22:06,4,4\episode_20250819_203208_ㅈ_4.csv,4,770.0,780.0,769.0,301.0,823.0,flex5 < lower
2025-09-02 11:22:06,4,4\episode_20250819_203208_ㅈ_4.csv,5,772.0,781.0,772.0,335.0,822.0,flex5 < lower
2025-09-02 11:22:06,4,4\episode_20250819_203208_ㅈ_4.csv,6,772.0,793.0,777.0,429.0,812.0,flex2 > upper; flex5 < lower
2025-09-02 11:22:06,4,4\episode_20250819_203208_ㅈ_4.csv,7,770.0,775.0,768.0,425.0,819.0,flex5 < lower
2025-09-02 11:22:06,4,4\episode_20250819_203208_ㅈ_4.csv,8,772.0,783.0,771.0,371.0,825.0,flex5 < lower
2025-09-02 11:22:06,4,4\episode_20250819_203208_ㅈ_4.csv,9,774.0,781.0,775.0,291.0,831.0,flex5 < lower
2025-09-02 11:22:06,4,4\episode_20250819_203208_ㅈ_4.csv,10,774.0,793.0,773.0,344.0,825.0,flex2 > upper; flex5 < lower
2025-09-02 11:22:06,4,4\episode_20250819_203208_ㅈ_4.csv,11,776.0,784.0,772.0,440.0,821.0,flex5 < lower
2025-09-02 11:22:06,4,4\episode_20250819_203208_ㅈ_4.csv,12,775.0,775.0,774.0,407.0,825.0,flex5 < lower
2025-09-02 11:22:06,4,4\episode_20250819_203208_ㅈ_4.csv,13,770.0,782.0,769.0,321.0,826.0,flex5 < lower
2025-09-02 11:22:06,4,4\episode_20250819_203208_ㅈ_4.csv,14,777.0,772.0,769.0,329.0,823.0,flex5 < lower
2025-09-02 11:22:06,4,4\episode_20250819_203208_ㅈ_4.csv,15,769.0,783.0,766.0,413.0,835.0,flex5 < lower
2025-09-02 11:22:06,4,4\episode_20250819_203208_ㅈ_4.csv,16,776.0,778.0,773.0,437.0,832.0,flex5 < lower
2025-09-02 11:22:06,4,4\episode_20250819_203208_ㅈ_4.csv,17,768.0,778.0,773.0,390.0,825.0,flex5 < lower
2025-09-02 11:22:06,4,4\episode_20250819_203208_ㅈ_4.csv,18,771.0,774.0,777.0,304.0,810.0,flex5 < lower
2025-09-02 11:22:06,4,4\episode_20250819_203208_ㅈ_4.csv,19,769.0,784.0,764.0,345.0,820.0,flex5 < lower
2025-09-02 11:22:06,4,4\episode_20250819_203208_ㅈ_4.csv,21,777.0,786.0,777.0,395.0,825.0,flex5 < lower
2025-09-02 11:22:06,4,4\episode_20250819_203208_ㅈ_4.csv,22,788.0,772.0,764.0,313.0,830.0,flex1 > upper; flex5 < lower
2025-09-02 11:22:06,4,4\episode_20250819_203208_ㅈ_4.csv,23,773.0,785.0,764.0,324.0,825.0,flex5 < lower
2025-09-02 11:22:06,4,4\episode_20250819_203208_ㅈ_4.csv,24,772.0,781.0,768.0,404.0,838.0,flex5 < lower
2025-09-02 11:22:06,4,4\episode_20250819_203208_ㅈ_4.csv,25,778.0,777.0,775.0,423.0,816.0,flex5 < lower
2025-09-02 11:22:06,4,4\episode_20250819_203208_ㅈ_4.csv,26,772.0,781.0,775.0,329.0,830.0,flex5 < lower
2025-09-02 11:22:06,4,4\episode_20250819_203208_ㅈ_4.csv,27,770.0,775.0,776.0,285.0,819.0,flex5 < lower
2025-09-02 11:22:06,4,4\episode_20250819_203208_ㅈ_4.csv,28,774.0,774.0,773.0,321.0,822.0,flex5 < lower
2025-09-02 11:22:06,4,4\episode_20250819_203208_ㅈ_4.csv,29,769.0,780.0,776.0,446.0,827.0,flex5 < lower
2025-09-02 11:22:06,4,4\episode_20250819_203208_ㅈ_4.csv,30,771.0,781.0,763.0,420.0,826.0,flex3 < lower; flex5 < lower
2025-09-02 11:22:06,4,4\episode_20250819_203208_ㅈ_4.csv,31,773.0,779.0,776.0,330.0,832.0,flex5 < lower
2025-09-02 11:22:06,4,4\episode_20250819_203208_ㅈ_4.csv,32,775.0,781.0,773.0,349.0,825.0,flex5 < lower
2025-09-02 11:22:06,4,4\episode_20250819_203208_ㅈ_4.csv,33,774.0,776.0,777.0,451.0,832.0,flex5 < lower
2025-09-02 11:22:06,4,4\episode_20250819_203208_ㅈ_4.csv,34,776.0,780.0,781.0,438.0,819.0,flex5 < lower
2025-09-02 11:22:06,4,4\episode_20250819_203208_ㅈ_4.csv,35,778.0,780.0,775.0,343.0,819.0,flex5 < lower
2025-09-02 11:22:06,4,4\episode_20250819_203208_ㅈ_4.csv,36,770.0,784.0,776.0,325.0,828.0,flex5 < lower
2025-09-02 11:22:06,4,4\episode_20250819_203208_ㅈ_4.csv,37,778.0,773.0,768.0,406.0,814.0,flex5 < lower
2025-09-02 11:22:06,4,4\episode_20250819_203208_ㅈ_4.csv,38,775.0,774.0,776.0,453.0,828.0,flex5 < lower
2025-09-02 11:22:06,4,4\episode_20250819_203208_ㅈ_4.csv,39,769.0,780.0,771.0,401.0,831.0,flex5 < lower
2025-09-02 11:22:06,4,4\episode_20250819_203208_ㅈ_4.csv,40,765.0,782.0,771.0,311.0,820.0,flex5 < lower
2025-09-02 11:22:06,4,4\episode_20250819_203208_ㅈ_4.csv,41,775.0,783.0,771.0,352.0,820.0,flex5 < lower
2025-09-02 11:22:06,4,4\episode_20250819_203208_ㅈ_4.csv,42,771.0,779.0,771.0,436.0,823.0,flex5 < lower
2025-09-02 11:22:06,4,4\episode_20250819_203208_ㅈ_4.csv,43,772.0,782.0,777.0,325.0,821.0,flex5 < lower
2025-09-02 11:22:06,4,4\episode_20250819_203208_ㅈ_4.csv,44,770.0,780.0,776.0,447.0,831.0,flex5 < lower
2025-09-02 11:22:06,4,4\episode_20250819_203208_ㅈ_4.csv,45,774.0,780.0,775.0,414.0,828.0,flex5 < lower
2025-09-02 11:22:06,4,4\episode_20250819_203208_ㅈ_4.csv,46,767.0,786.0,771.0,301.0,823.0,flex5 < lower
2025-09-02 11:22:06,4,4\episode_20250819_203208_ㅈ_4.csv,47,776.0,798.0,763.0,434.0,821.0,flex2 > upper; flex3 < lower; flex5 < lower
2025-09-02 11:22:06,4,4\episode_20250819_203208_ㅈ_4.csv,48,779.0,782.0,772.0,344.0,824.0,flex5 < lower
2025-09-02 11:22:06,4,4\episode_20250819_203208_ㅈ_4.csv,49,776.0,772.0,772.0,327.0,831.0,flex5 < lower
2025-09-02 11:22:06,4,4\episode_20250819_203208_ㅈ_4.csv,50,770.0,776.0,769.0,407.0,830.0,flex5 < lower
2025-09-02 11:22:06,4,4\episode_20250819_203208_ㅈ_4.csv,51,771.0,781.0,769.0,437.0,821.0,flex5 < lower
2025-09-02 11:22:06,4,4\episode_20250819_203208_ㅈ_4.csv,52,775.0,781.0,773.0,384.0,826.0,flex5 < lower
2025-09-02 11:22:06,4,4\episode_20250819_203208_ㅈ_4.csv,53,768.0,785.0,772.0,317.0,842.0,flex5 < lower
2025-09-02 11:22:06,4,4\episode_20250819_203208_ㅈ_4.csv,54,772.0,783.0,772.0,339.0,831.0,flex5 < lower
2025-09-02 11:22:06,4,4\episode_20250819_203208_ㅈ_4.csv,55,770.0,782.0,769.0,433.0,829.0,flex5 < lower
2025-09-02 11:22:06,4,4\episode_20250819_203208_ㅈ_4.csv,56,772.0,779.0,770.0,399.0,825.0,flex5 < lower
2025-09-02 11:22:06,4,4\episode_20250819_203208_ㅈ_4.csv,57,776.0,777.0,764.0,311.0,822.0,flex5 < lower
2025-09-02 11:22:06,4,4\episode_20250819_203208_ㅈ_4.csv,58,772.0,779.0,764.0,340.0,826.0,flex5 < lower
2025-09-02 11:22:06,4,4\episode_20250819_203208_ㅈ_4.csv,59,769.0,783.0,774.0,434.0,827.0,flex5 < lower
2025-09-02 11:22:06,4,4\episode_20250819_203208_ㅈ_4.csv,60,772.0,785.0,770.0,436.0,824.0,flex5 < lower
2025-09-02 11:22:06,4,4\episode_20250819_203208_ㅈ_4.csv,61,771.0,770.0,778.0,364.0,818.0,flex5 < lower
2025-09-02 11:22:06,4,4\episode_20250819_203208_ㅈ_4.csv,62,769.0,786.0,777.0,436.0,831.0,flex5 < lower
2025-09-02 11:22:06,4,4\episode_20250819_203208_ㅈ_4.csv,63,771.0,778.0,775.0,337.0,821.0,flex5 < lower
2025-09-02 11:22:06,4,4\episode_20250819_203208_ㅈ_4.csv,64,776.0,780.0,770.0,302.0,827.0,flex5 < lower
2025-09-02 11:22:06,4,4\episode_20250819_203208_ㅈ_4.csv,65,773.0,782.0,773.0,380.0,836.0,flex5 < lower
2025-09-02 11:22:06,4,4\episode_20250819_203208_ㅈ_4.csv,66,771.0,774.0,774.0,454.0,835.0,flex5 < lower
2025-09-02 11:22:06,4,4\episode_20250819_203208_ㅈ_4.csv,67,770.0,775.0,772.0,422.0,833.0,flex5 < lower
2025-09-02 11:22:06,4,4\episode_20250819_203208_ㅈ_4.csv,68,767.0,780.0,772.0,326.0,839.0,flex5 < lower
2025-09-02 11:22:06,4,4\episode_20250819_203208_ㅈ_4.csv,69,773.0,779.0,770.0,343.0,846.0,flex5 < lower
2025-09-02 11:22:06,4,4\episode_20250819_203208_ㅈ_4.csv,80,763.0,784.0,772.0,328.0,868.0,flex1 < lower
2025-09-02 11:22:06,4,4\episode_20250819_203208_ㅈ_4.csv,81,775.0,781.0,777.0,438.0,888.0,flex5 > upper
2025-09-02 11:22:06,4,4\episode_20250819_203208_ㅈ_4.csv,86,776.0,780.0,774.0,443.0,888.0,flex5 > upper
2025-09-02 11:22:06,4,4\episode_20250819_203208_ㅈ_4.csv,90,774.0,781.0,770.0,303.0,895.0,flex5 > upper
2025-09-02 11:22:06,4,4\episode_20250819_203208_ㅈ_4.csv,91,773.0,793.0,782.0,362.0,886.0,flex2 > upper
2025-09-02 11:22:06,4,4\episode_20250819_203208_ㅈ_4.csv,93,776.0,780.0,768.0,403.0,891.0,flex5 > upper
2025-09-02 11:22:06,4,4\episode_20250819_203208_ㅈ_4.csv,94,774.0,784.0,773.0,312.0,890.0,flex5 > upper
2025-09-02 11:22:06,4,4\episode_20250819_203208_ㅈ_4.csv,95,770.0,776.0,773.0,329.0,888.0,flex5 > upper
2025-09-02 11:22:06,4,4\episode_20250819_203208_ㅈ_4.csv,96,772.0,779.0,781.0,452.0,892.0,flex5 > upper
2025-09-02 11:22:06,4,4\episode_20250819_203208_ㅈ_4.csv,97,773.0,781.0,772.0,428.0,891.0,flex5 > upper
2025-09-02 11:22:06,4,4\episode_20250819_203208_ㅈ_4.csv,99,776.0,778.0,773.0,303.0,894.0,flex5 > upper
2025-09-02 11:22:06,4,4\episode_20250819_203208_ㅈ_4.csv,100,772.0,779.0,774.0,397.0,893.0,flex5 > upper
2025-09-02 11:22:06,4,4\episode_20250819_203208_ㅈ_4.csv,101,774.0,777.0,775.0,440.0,894.0,flex5 > upper
2025-09-02 11:22:06,4,4\episode_20250819_203208_ㅈ_4.csv,102,772.0,785.0,783.0,397.0,892.0,flex5 > upper
2025-09-02 11:22:06,4,4\episode_20250819_203208_ㅈ_4.csv,104,775.0,777.0,764.0,313.0,897.0,flex5 > upper
2025-09-02 11:22:06,4,4\episode_20250819_203208_ㅈ_4.csv,107,776.0,775.0,772.0,321.0,893.0,flex5 > upper
2025-09-02 11:22:06,4,4\episode_20250819_203208_ㅈ_4.csv,108,773.0,782.0,774.0,275.0,897.0,flex5 > upper
2025-09-02 11:22:06,4,4\episode_20250819_203208_ㅈ_4.csv,111,774.0,780.0,776.0,401.0,890.0,flex5 > upper
2025-09-02 11:22:06,4,4\episode_20250819_203208_ㅈ_4.csv,112,771.0,779.0,785.0,424.0,880.0,flex3 > upper
2025-09-02 11:22:06,4,4\episode_20250819_203208_ㅈ_4.csv,114,772.0,783.0,776.0,315.0,889.0,flex5 > upper
2025-09-02 11:22:06,4,4\episode_20250819_203208_ㅈ_4.csv,115,770.0,780.0,778.0,372.0,892.0,flex5 > upper
2025-09-02 11:22:06,4,4\episode_20250819_203208_ㅈ_4.csv,118,774.0,777.0,778.0,324.0,889.0,flex5 > upper
2025-09-02 11:22:06,4,4\episode_20250819_203208_ㅈ_4.csv,122,783.0,783.0,772.0,352.0,877.0,flex1 > upper
2025-09-02 11:22:06,4,4\episode_20250819_203208_ㅈ_4.csv,141,769.0,775.0,772.0,437.0,896.0,flex5 > upper
2025-09-02 11:22:06,4,4\episode_20250819_203208_ㅈ_4.csv,159,770.0,783.0,768.0,375.0,904.0,flex5 > upper
2025-09-02 11:22:06,4,4\episode_20250819_203208_ㅈ_4.csv,166,774.0,783.0,789.0,333.0,876.0,flex3 > upper
2025-09-02 11:22:06,4,4\episode_20250819_203208_ㅈ_4.csv,167,772.0,792.0,775.0,440.0,881.0,flex2 > upper
2025-09-02 11:22:06,4,4\episode_20250819_203208_ㅈ_4.csv,170,777.0,786.0,774.0,420.0,888.0,flex5 > upper
2025-09-02 11:22:06,4,4\episode_20250819_203208_ㅈ_4.csv,220,775.0,779.0,788.0,357.0,865.0,flex3 > upper
2025-09-02 11:22:06,4,4\episode_20250819_203208_ㅈ_4.csv,228,775.0,773.0,773.0,347.0,891.0,flex5 > upper
2025-09-02 11:22:06,4,4\episode_20250819_203208_ㅈ_4.csv,231,772.0,765.0,781.0,326.0,852.0,flex2 < lower
2025-09-02 11:22:06,4,4\episode_20250819_203208_ㅈ_4.csv,237,770.0,775.0,763.0,356.0,872.0,flex3 < lower
2025-09-02 11:22:06,4,4\episode_20250819_203208_ㅈ_4.csv,281,776.0,792.0,779.0,388.0,876.0,flex2 > upper
2025-09-02 11:22:06,4,4\episode_20250819_203208_ㅈ_4.csv,287,773.0,797.0,774.0,305.0,869.0,flex2 > upper
2025-09-02 11:22:06,4,4\episode_20250819_203208_ㅈ_4.csv,297,767.0,782.0,775.0,448.0,899.0,flex5 > upper
2025-09-02 11:22:06,4,4\episode_20250819_203216_ㅈ_4.csv,31,774.0,779.0,772.0,323.0,921.0,flex5 > upper
2025-09-02 11:22:06,4,4\episode_20250819_203216_ㅈ_4.csv,38,774.0,778.0,777.0,458.0,846.0,flex5 < lower
2025-09-02 11:22:06,4,4\episode_20250819_203216_ㅈ_4.csv,44,772.0,781.0,761.0,296.0,861.0,flex3 < lower
2025-09-02 11:22:06,4,4\episode_20250819_203216_ㅈ_4.csv,63,770.0,799.0,777.0,381.0,865.0,flex2 > upper
2025-09-02 11:22:06,4,4\episode_20250819_203216_ㅈ_4.csv,75,770.0,769.0,775.0,432.0,870.0,flex2 < lower
2025-09-02 11:22:06,4,4\episode_20250819_203216_ㅈ_4.csv,86,764.0,784.0,773.0,315.0,867.0,flex1 < lower
2025-09-02 11:22:06,4,4\episode_20250819_203216_ㅈ_4.csv,91,773.0,790.0,776.0,327.0,853.0,flex2 > upper
2025-09-02 11:22:06,4,4\episode_20250819_203216_ㅈ_4.csv,103,776.0,782.0,788.0,393.0,866.0,flex3 > upper
2025-09-02 11:22:06,4,4\episode_20250819_203216_ㅈ_4.csv,107,784.0,782.0,775.0,401.0,867.0,flex1 > upper
2025-09-02 11:22:06,4,4\episode_20250819_203216_ㅈ_4.csv,110,770.0,781.0,775.0,416.0,890.0,flex5 > upper
2025-09-02 11:22:06,4,4\episode_20250819_203216_ㅈ_4.csv,113,778.0,777.0,785.0,312.0,873.0,flex3 > upper
2025-09-02 11:22:06,4,4\episode_20250819_203216_ㅈ_4.csv,119,774.0,769.0,773.0,400.0,863.0,flex2 < lower
2025-09-02 11:22:06,4,4\episode_20250819_203216_ㅈ_4.csv,122,783.0,794.0,773.0,312.0,869.0,flex1 > upper; flex2 > upper
2025-09-02 11:22:06,4,4\episode_20250819_203216_ㅈ_4.csv,187,773.0,768.0,776.0,311.0,877.0,flex2 < lower
2025-09-02 11:22:06,4,4\episode_20250819_203216_ㅈ_4.csv,203,776.0,779.0,785.0,427.0,875.0,flex3 > upper
2025-09-02 11:22:06,4,4\episode_20250819_203216_ㅈ_4.csv,204,772.0,778.0,786.0,410.0,865.0,flex3 > upper
2025-09-02 11:22:06,4,4\episode_20250819_203216_ㅈ_4.csv,210,776.0,766.0,768.0,268.0,873.0,flex2 < lower
2025-09-02 11:22:06,4,4\episode_20250819_203216_ㅈ_4.csv,223,774.0,786.0,787.0,361.0,866.0,flex3 > upper
2025-09-02 11:22:06,4,4\episode_20250819_203216_ㅈ_4.csv,241,775.0,780.0,776.0,318.0,846.0,flex5 < lower
2025-09-02 11:22:06,4,4\episode_20250819_203216_ㅈ_4.csv,249,773.0,784.0,774.0,432.0,846.0,flex5 < lower
2025-09-02 11:22:06,4,4\episode_20250819_203216_ㅈ_4.csv,268,768.0,788.0,776.0,297.0,888.0,flex5 > upper
2025-09-02 11:22:06,4,4\episode_20250819_203216_ㅈ_4.csv,296,762.0,781.0,774.0,353.0,864.0,flex1 < lower
2025-09-02 11:22:06,4,4\episode_20250819_203225_ㅈ_4.csv,5,775.0,766.0,770.0,341.0,870.0,flex2 < lower
2025-09-02 11:22:06,4,4\episode_20250819_203225_ㅈ_4.csv,27,775.0,783.0,779.0,331.0,890.0,flex5 > upper
2025-09-02 11:22:06,4,4\episode_20250819_203225_ㅈ_4.csv,28,771.0,778.0,763.0,385.0,861.0,flex3 < lower
2025-09-02 11:22:06,4,4\episode_20250819_203225_ㅈ_4.csv,60,772.0,779.0,770.0,448.0,895.0,flex5 > upper
2025-09-02 11:22:06,4,4\episode_20250819_203225_ㅈ_4.csv,62,767.0,798.0,772.0,261.0,861.0,flex2 > upper
2025-09-02 11:22:06,4,4\episode_20250819_203225_ㅈ_4.csv,64,774.0,778.0,784.0,447.0,866.0,flex3 > upper
2025-09-02 11:22:06,4,4\episode_20250819_203225_ㅈ_4.csv,73,774.0,798.0,770.0,306.0,872.0,flex2 > upper
2025-09-02 11:22:06,4,4\episode_20250819_203225_ㅈ_4.csv,77,776.0,792.0,778.0,306.0,861.0,flex2 > upper
2025-09-02 11:22:06,4,4\episode_20250819_203225_ㅈ_4.csv,84,772.0,794.0,775.0,433.0,871.0,flex2 > upper
2025-09-02 11:22:06,4,4\episode_20250819_203225_ㅈ_4.csv,85,773.0,790.0,774.0,395.0,865.0,flex2 > upper
2025-09-02 11:22:06,4,4\episode_20250819_203225_ㅈ_4.csv,91,775.0,786.0,788.0,308.0,866.0,flex3 > upper
2025-09-02 11:22:06,4,4\episode_20250819_203225_ㅈ_4.csv,120,778.0,769.0,773.0,392.0,865.0,flex2 < lower
2025-09-02 11:22:06,4,4\episode_20250819_203225_ㅈ_4.csv,152,775.0,777.0,763.0,310.0,869.0,flex3 < lower
2025-09-02 11:22:06,4,4\episode_20250819_203225_ㅈ_4.csv,169,777.0,793.0,773.0,310.0,883.0,flex2 > upper
2025-09-02 11:22:06,4,4\episode_20250819_203225_ㅈ_4.csv,207,794.0,781.0,775.0,445.0,865.0,flex1 > upper
2025-09-02 11:22:06,4,4\episode_20250819_203225_ㅈ_4.csv,212,774.0,781.0,784.0,372.0,869.0,flex3 > upper
2025-09-02 11:22:06,4,4\episode_20250819_203225_ㅈ_4.csv,219,770.0,790.0,767.0,442.0,865.0,flex2 > upper
2025-09-02 11:22:06,4,4\episode_20250819_203225_ㅈ_4.csv,253,771.0,779.0,776.0,315.0,888.0,flex5 > upper
2025-09-02 11:22:06,4,4\episode_20250819_203225_ㅈ_4.csv,256,773.0,790.0,777.0,413.0,868.0,flex2 > upper
2025-09-02 11:22:06,4,4\episode_20250819_203225_ㅈ_4.csv,261,774.0,777.0,791.0,341.0,873.0,flex3 > upper
2025-09-02 11:22:06,4,4\episode_20250819_203225_ㅈ_4.csv,266,775.0,773.0,767.0,307.0,901.0,flex5 > upper
2025-09-02 11:22:06,4,4\episode_20250819_203225_ㅈ_4.csv,268,772.0,780.0,786.0,453.0,868.0,flex3 > upper
2025-09-02 11:22:06,4,4\episode_20250819_203225_ㅈ_4.csv,285,768.0,779.0,786.0,372.0,855.0,flex3 > upper
2025-09-02 11:22:06,4,4\episode_20250819_203225_ㅈ_4.csv,297,773.0,781.0,791.0,310.0,876.0,flex3 > upper
2025-09-02 11:22:06,4,4\episode_20250819_203234_ㅈ_4.csv,19,775.0,780.0,786.0,453.0,872.0,flex3 > upper
2025-09-02 11:22:06,4,4\episode_20250819_203234_ㅈ_4.csv,23,775.0,769.0,774.0,327.0,869.0,flex2 < lower
2025-09-02 11:22:06,4,4\episode_20250819_203234_ㅈ_4.csv,42,770.0,775.0,773.0,371.0,888.0,flex5 > upper
2025-09-02 11:22:06,4,4\episode_20250819_203234_ㅈ_4.csv,44,769.0,778.0,785.0,343.0,868.0,flex3 > upper
2025-09-02 11:22:06,4,4\episode_20250819_203234_ㅈ_4.csv,50,774.0,769.0,775.0,345.0,873.0,flex2 < lower
2025-09-02 11:22:06,4,4\episode_20250819_203234_ㅈ_4.csv,52,771.0,777.0,789.0,451.0,867.0,flex3 > upper
2025-09-02 11:22:06,4,4\episode_20250819_203234_ㅈ_4.csv,66,775.0,768.0,766.0,430.0,871.0,flex2 < lower
2025-09-02 11:22:06,4,4\episode_20250819_203234_ㅈ_4.csv,78,787.0,778.0,770.0,458.0,862.0,flex1 > upper
2025-09-02 11:22:06,4,4\episode_20250819_203234_ㅈ_4.csv,84,774.0,777.0,791.0,371.0,880.0,flex3 > upper
2025-09-02 11:22:06,4,4\episode_20250819_203234_ㅈ_4.csv,105,775.0,769.0,774.0,327.0,877.0,flex2 < lower
2025-09-02 11:22:06,4,4\episode_20250819_203234_ㅈ_4.csv,131,773.0,782.0,761.0,302.0,868.0,flex3 < lower
2025-09-02 11:22:06,4,4\episode_20250819_203234_ㅈ_4.csv,142,772.0,792.0,777.0,437.0,877.0,flex2 > upper
2025-09-02 11:22:06,4,4\episode_20250819_203234_ㅈ_4.csv,150,775.0,774.0,768.0,343.0,894.0,flex5 > upper
2025-09-02 11:22:06,4,4\episode_20250819_203234_ㅈ_4.csv,151,776.0,782.0,775.0,305.0,889.0,flex5 > upper
2025-09-02 11:22:06,4,4\episode_20250819_203234_ㅈ_4.csv,173,776.0,776.0,793.0,263.0,877.0,flex3 > upper
2025-09-02 11:22:06,4,4\episode_20250819_203234_ㅈ_4.csv,177,778.0,775.0,772.0,290.0,844.0,flex5 < lower
2025-09-02 11:22:06,4,4\episode_20250819_203234_ㅈ_4.csv,187,764.0,780.0,777.0,400.0,871.0,flex1 < lower
2025-09-02 11:22:06,4,4\episode_20250819_203234_ㅈ_4.csv,189,771.0,787.0,773.0,338.0,892.0,flex5 > upper
2025-09-02 11:22:06,4,4\episode_20250819_203234_ㅈ_4.csv,191,775.0,785.0,769.0,441.0,893.0,flex5 > upper
2025-09-02 11:22:06,4,4\episode_20250819_203234_ㅈ_4.csv,216,771.0,778.0,771.0,325.0,891.0,flex5 > upper
2025-09-02 11:22:06,4,4\episode_20250819_203234_ㅈ_4.csv,227,773.0,780.0,767.0,395.0,846.0,flex5 < lower
2025-09-02 11:22:06,4,4\episode_20250819_203234_ㅈ_4.csv,233,772.0,794.0,772.0,279.0,870.0,flex2 > upper
2025-09-02 11:22:06,4,4\episode_20250819_203234_ㅈ_4.csv,248,771.0,778.0,786.0,433.0,860.0,flex3 > upper
2025-09-02 11:22:06,4,4\episode_20250819_203234_ㅈ_4.csv,259,777.0,790.0,774.0,306.0,862.0,flex2 > upper
2025-09-02 11:22:06,4,4\episode_20250819_203234_ㅈ_4.csv,261,776.0,787.0,775.0,426.0,846.0,flex5 < lower
2025-09-02 11:22:06,4,4\episode_20250819_203234_ㅈ_4.csv,262,776.0,790.0,772.0,394.0,861.0,flex2 > upper
2025-09-02 11:22:06,4,4\episode_20250819_203234_ㅈ_4.csv,280,785.0,777.0,777.0,323.0,863.0,flex1 > upper
2025-09-02 11:22:06,4,4\episode_20250819_203234_ㅈ_4.csv,294,781.0,782.0,763.0,413.0,867.0,flex3 < lower
2025-09-02 11:22:06,4,4\episode_20250819_203243_ㅈ_4.csv,9,777.0,783.0,768.0,333.0,891.0,flex5 > upper
2025-09-02 11:22:06,4,4\episode_20250819_203243_ㅈ_4.csv,27,776.0,776.0,778.0,433.0,888.0,flex5 > upper
2025-09-02 11:22:06,4,4\episode_20250819_203243_ㅈ_4.csv,35,777.0,787.0,772.0,425.0,845.0,flex5 < lower
2025-09-02 11:22:06,4,4\episode_20250819_203243_ㅈ_4.csv,37,786.0,784.0,776.0,393.0,851.0,flex1 > upper
2025-09-02 11:22:06,4,4\episode_20250819_203243_ㅈ_4.csv,40,770.0,778.0,774.0,436.0,895.0,flex5 > upper
2025-09-02 11:22:06,4,4\episode_20250819_203243_ㅈ_4.csv,48,776.0,774.0,786.0,352.0,859.0,flex3 > upper
2025-09-02 11:22:06,4,4\episode_20250819_203243_ㅈ_4.csv,57,786.0,780.0,771.0,323.0,864.0,flex1 > upper
2025-09-02 11:22:06,4,4\episode_20250819_203243_ㅈ_4.csv,59,784.0,780.0,770.0,428.0,856.0,flex1 > upper
2025-09-02 11:22:06,4,4\episode_20250819_203243_ㅈ_4.csv,60,776.0,800.0,769.0,331.0,858.0,flex2 > upper
2025-09-02 11:22:06,4,4\episode_20250819_203243_ㅈ_4.csv,62,776.0,779.0,784.0,401.0,862.0,flex3 > upper
2025-09-02 11:22:06,4,4\episode_20250819_203243_ㅈ_4.csv,77,768.0,777.0,773.0,418.0,844.0,flex5 < lower
2025-09-02 11:22:06,4,4\episode_20250819_203243_ㅈ_4.csv,80,776.0,771.0,760.0,390.0,865.0,flex3 < lower
2025-09-02 11:22:06,4,4\episode_20250819_203243_ㅈ_4.csv,90,774.0,774.0,785.0,447.0,854.0,flex3 > upper
2025-09-02 11:22:06,4,4\episode_20250819_203243_ㅈ_4.csv,99,772.0,779.0,787.0,429.0,867.0,flex3 > upper
2025-09-02 11:22:06,4,4\episode_20250819_203243_ㅈ_4.csv,134,775.0,775.0,767.0,441.0,889.0,flex5 > upper
2025-09-02 11:22:06,4,4\episode_20250819_203243_ㅈ_4.csv,137,772.0,778.0,763.0,293.0,864.0,flex3 < lower
2025-09-02 11:22:06,4,4\episode_20250819_203243_ㅈ_4.csv,144,770.0,777.0,786.0,407.0,866.0,flex3 > upper
2025-09-02 11:22:06,4,4\episode_20250819_203243_ㅈ_4.csv,148,773.0,779.0,774.0,414.0,838.0,flex5 < lower
2025-09-02 11:22:06,4,4\episode_20250819_203243_ㅈ_4.csv,172,766.0,782.0,770.0,302.0,843.0,flex5 < lower
2025-09-02 11:22:06,4,4\episode_20250819_203243_ㅈ_4.csv,179,770.0,786.0,762.0,436.0,870.0,flex3 < lower
2025-09-02 11:22:06,4,4\episode_20250819_203243_ㅈ_4.csv,205,775.0,777.0,784.0,322.0,882.0,flex3 > upper
2025-09-02 11:22:06,4,4\episode_20250819_203243_ㅈ_4.csv,227,774.0,769.0,773.0,431.0,872.0,flex2 < lower
2025-09-02 11:22:06,4,4\episode_20250819_203243_ㅈ_4.csv,232,785.0,782.0,778.0,420.0,861.0,flex1 > upper
2025-09-02 11:22:06,4,4\episode_20250819_203243_ㅈ_4.csv,247,764.0,777.0,773.0,328.0,860.0,flex1 < lower
2025-09-02 11:22:06,4,4\episode_20250819_203243_ㅈ_4.csv,250,773.0,785.0,774.0,408.0,902.0,flex5 > upper
2025-09-02 11:22:06,4,4\episode_20250819_203243_ㅈ_4.csv,260,775.0,778.0,775.0,308.0,889.0,flex5 > upper
2025-09-02 11:22:06,4,4\episode_20250819_203243_ㅈ_4.csv,267,774.0,780.0,758.0,437.0,875.0,flex3 < lower
2025-09-02 11:22:06,4,4\episode_20250819_203243_ㅈ_4.csv,286,773.0,780.0,761.0,460.0,866.0,flex3 < lower
2025-09-02 11:22:06,4,4\episode_20250819_203243_ㅈ_4.csv,294,772.0,793.0,783.0,356.0,871.0,flex2 > upper
2025-09-02 11:22:06,5,5\episode_20250819_203313_ㅈ_5.csv,0,768.0,781.0,780.0,429.0,866.0,flex5 < lower
2025-09-02 11:22:06,5,5\episode_20250819_203313_ㅈ_5.csv,1,773.0,773.0,778.0,318.0,873.0,flex5 < lower
2025-09-02 11:22:06,5,5\episode_20250819_203313_ㅈ_5.csv,2,777.0,773.0,775.0,285.0,861.0,flex5 < lower
2025-09-02 11:22:06,5,5\episode_20250819_203313_ㅈ_5.csv,3,771.0,777.0,774.0,399.0,873.0,flex5 < lower
2025-09-02 11:22:06,5,5\episode_20250819_203313_ㅈ_5.csv,4,772.0,767.0,767.0,430.0,867.0,flex5 < lower
2025-09-02 11:22:06,5,5\episode_20250819_203313_ㅈ_5.csv,5,771.0,775.0,774.0,382.0,853.0,flex5 < lower
2025-09-02 11:22:06,5,5\episode_20250819_203313_ㅈ_5.csv,6,778.0,785.0,772.0,312.0,872.0,flex5 < lower
2025-09-02 11:22:06,5,5\episode_20250819_203313_ㅈ_5.csv,7,776.0,777.0,771.0,418.0,864.0,flex5 < lower
2025-09-02 11:22:06,5,5\episode_20250819_203313_ㅈ_5.csv,8,773.0,774.0,777.0,309.0,845.0,flex5 < lower
2025-09-02 11:22:06,5,5\episode_20250819_203313_ㅈ_5.csv,9,773.0,778.0,776.0,345.0,867.0,flex5 < lower
2025-09-02 11:22:06,5,5\episode_20250819_203313_ㅈ_5.csv,10,776.0,778.0,777.0,447.0,870.0,flex5 < lower
2025-09-02 11:22:06,5,5\episode_20250819_203313_ㅈ_5.csv,11,776.0,789.0,776.0,332.0,865.0,flex5 < lower
2025-09-02 11:22:06,5,5\episode_20250819_203313_ㅈ_5.csv,12,776.0,772.0,775.0,427.0,865.0,flex5 < lower
2025-09-02 11:22:06,5,5\episode_20250819_203313_ㅈ_5.csv,13,772.0,780.0,780.0,416.0,865.0,flex5 < lower
2025-09-02 11:22:06,5,5\episode_20250819_203313_ㅈ_5.csv,14,772.0,778.0,776.0,322.0,866.0,flex5 < lower
2025-09-02 11:22:06,5,5\episode_20250819_203313_ㅈ_5.csv,15,770.0,785.0,768.0,338.0,862.0,flex5 < lower
2025-09-02 11:22:06,5,5\episode_20250819_203313_ㅈ_5.csv,16,775.0,774.0,770.0,409.0,866.0,flex5 < lower
2025-09-02 11:22:06,5,5\episode_20250819_203313_ㅈ_5.csv,17,778.0,780.0,772.0,445.0,861.0,flex5 < lower
2025-09-02 11:22:06,5,5\episode_20250819_203313_ㅈ_5.csv,18,774.0,787.0,782.0,358.0,863.0,flex5 < lower
2025-09-02 11:22:06,5,5\episode_20250819_203313_ㅈ_5.csv,19,776.0,783.0,778.0,323.0,881.0,flex5 < lower
2025-09-02 11:22:06,5,5\episode_20250819_203313_ㅈ_5.csv,20,774.0,783.0,775.0,364.0,867.0,flex5 < lower
2025-09-02 11:22:06,5,5\episode_20250819_203313_ㅈ_5.csv,21,777.0,783.0,776.0,452.0,871.0,flex5 < lower
2025-09-02 11:22:06,5,5\episode_20250819_203313_ㅈ_5.csv,22,767.0,785.0,768.0,430.0,857.0,flex5 < lower
2025-09-02 11:22:06,5,5\episode_20250819_203313_ㅈ_5.csv,23,775.0,781.0,769.0,320.0,862.0,flex5 < lower
2025-09-02 11:22:06,5,5\episode_20250819_203313_ㅈ_5.csv,24,779.0,780.0,774.0,310.0,872.0,flex5 < lower
2025-09-02 11:22:06,5,5\episode_20250819_203313_ㅈ_5.csv,25,775.0,780.0,777.0,387.0,870.0,flex5 < lower
2025-09-02 11:22:06,5,5\episode_20250819_203313_ㅈ_5.csv,26,773.0,784.0,777.0,395.0,873.0,flex5 < lower
2025-09-02 11:22:06,5,5\episode_20250819_203313_ㅈ_5.csv,27,778.0,781.0,773.0,374.0,871.0,flex5 < lower
2025-09-02 11:22:06,5,5\episode_20250819_203313_ㅈ_5.csv,28,775.0,777.0,769.0,305.0,860.0,flex5 < lower
2025-09-02 11:22:06,5,5\episode_20250819_203313_ㅈ_5.csv,29,778.0,774.0,774.0,356.0,865.0,flex5 < lower
2025-09-02 11:22:06,5,5\episode_20250819_203313_ㅈ_5.csv,30,777.0,778.0,774.0,444.0,874.0,flex5 < lower
2025-09-02 11:22:06,5,5\episode_20250819_203313_ㅈ_5.csv,31,772.0,788.0,768.0,416.0,867.0,flex5 < lower
2025-09-02 11:22:06,5,5\episode_20250819_203313_ㅈ_5.csv,32,772.0,780.0,769.0,318.0,871.0,flex5 < lower
2025-09-02 11:22:06,5,5\episode_20250819_203313_ㅈ_5.csv,33,775.0,776.0,772.0,328.0,862.0,flex5 < lower
2025-09-02 11:22:06,5,5\episode_20250819_203313_ㅈ_5.csv,34,773.0,777.0,768.0,427.0,877.0,flex5 < lower
2025-09-02 11:22:06,5,5\episode_20250819_203313_ㅈ_5.csv,35,774.0,778.0,773.0,436.0,866.0,flex5 < lower
2025-09-02 11:22:06,5,5\episode_20250819_203313_ㅈ_5.csv,36,775.0,769.0,773.0,351.0,870.0,flex5 < lower
2025-09-02 11:22:06,5,5\episode_20250819_203313_ㅈ_5.csv,37,770.0,780.0,768.0,424.0,878.0,flex5 < lower
2025-09-02 11:22:06,5,5\episode_20250819_203313_ㅈ_5.csv,38,775.0,781.0,782.0,342.0,895.0,flex5 < lower
2025-09-02 11:22:06,5,5\episode_20250819_203313_ㅈ_5.csv,39,774.0,782.0,773.0,312.0,862.0,flex5 < lower
2025-09-02 11:22:06,5,5\episode_20250819_203313_ㅈ_5.csv,40,773.0,782.0,775.0,392.0,854.0,flex5 < lower
2025-09-02 11:22:06,5,5\episode_20250819_203313_ㅈ_5.csv,41,772.0,782.0,768.0,454.0,876.0,flex5 < lower
2025-09-02 11:22:06,5,5\episode_20250819_203313_ㅈ_5.csv,42,774.0,786.0,770.0,396.0,867.0,flex5 < lower
2025-09-02 11:22:06,5,5\episode_20250819_203313_ㅈ_5.csv,43,772.0,781.0,777.0,322.0,860.0,flex5 < lower
2025-09-02 11:22:06,5,5\episode_20250819_203313_ㅈ_5.csv,44,768.0,775.0,769.0,350.0,857.0,flex5 < lower
2025-09-02 11:22:06,5,5\episode_20250819_203313_ㅈ_5.csv,45,775.0,778.0,776.0,448.0,851.0,flex5 < lower
2025-09-02 11:22:06,5,5\episode_20250819_203313_ㅈ_5.csv,46,780.0,778.0,776.0,333.0,872.0,flex1 > upper; flex5 < lower
2025-09-02 11:22:06,5,5\episode_20250819_203313_ㅈ_5.csv,47,777.0,779.0,772.0,438.0,870.0,flex5 < lower
2025-09-02 11:22:06,5,5\episode_20250819_203313_ㅈ_5.csv,48,771.0,783.0,769.0,399.0,861.0,flex5 < lower
2025-09-02 11:22:06,5,5\episode_20250819_203313_ㅈ_5.csv,49,771.0,783.0,771.0,302.0,865.0,flex5 < lower
2025-09-02 11:22:06,5,5\episode_20250819_203313_ㅈ_5.csv,50,783.0,777.0,776.0,314.0,858.0,flex1 > upper; flex5 < lower
2025-09-02 11:22:06,5,5\episode_20250819_203313_ㅈ_5.csv,51,769.0,779.0,771.0,406.0,871.0,flex5 < lower
2025-09-02 11:22:06,5,5\episode_20250819_203313_ㅈ_5.csv,52,773.0,779.0,776.0,430.0,871.0,flex5 < lower
2025-09-02 11:22:06,5,5\episode_20250819_203313_ㅈ_5.csv,53,775.0,782.0,775.0,373.0,845.0,flex5 < lower
2025-09-02 11:22:06,5,5\episode_20250819_203313_ㅈ_5.csv,54,775.0,779.0,773.0,300.0,863.0,flex5 < lower
2025-09-02 11:22:06,5,5\episode_20250819_203313_ㅈ_5.csv,55,775.0,783.0,775.0,360.0,867.0,flex5 < lower
2025-09-02 11:22:06,5,5\episode_20250819_203313_ㅈ_5.csv,56,772.0,784.0,774.0,449.0,861.0,flex5 < lower
2025-09-02 11:22:06,5,5\episode_20250819_203313_ㅈ_5.csv,57,773.0,779.0,769.0,404.0,866.0,flex5 < lower
2025-09-02 11:22:06,5,5\episode_20250819_203313_ㅈ_5.csv,58,772.0,779.0,773.0,303.0,862.0,flex5 < lower
2025-09-02 11:22:06,5,5\episode_20250819_203313_ㅈ_5.csv,59,775.0,779.0,774.0,325.0,867.0,flex5 < lower
2025-09-02 11:22:06,5,5\episode_20250819_203313_ㅈ_5.csv,60,776.0,778.0,777.0,335.0,872.0,flex5 < lower
2025-09-02 11:22:06,5,5\episode_20250819_203313_ㅈ_5.csv,61,773.0,788.0,775.0,353.0,859.0,flex5 < lower
2025-09-02 11:22:06,5,5\episode_20250819_203313_ㅈ_5.csv,62,773.0,779.0,777.0,452.0,862.0,flex5 < lower
2025-09-02 11:22:06,5,5\episode_20250819_203313_ㅈ_5.csv,63,774.0,780.0,776.0,428.0,862.0,flex5 < lower
2025-09-02 11:22:06,5,5\episode_20250819_203313_ㅈ_5.csv,64,773.0,782.0,772.0,285.0,871.0,flex5 < lower
2025-09-02 11:22:06,5,5\episode_20250819_203313_ㅈ_5.csv,65,765.0,780.0,767.0,264.0,871.0,flex5 < lower
2025-09-02 11:22:06,5,5\episode_20250819_203313_ㅈ_5.csv,66,776.0,773.0,778.0,383.0,862.0,flex5 < lower
2025-09-02 11:22:06,5,5\episode_20250819_203313_ㅈ_5.csv,67,770.0,783.0,778.0,433.0,864.0,flex5 < lower
2025-09-02 11:22:06,5,5\episode_20250819_203313_ㅈ_5.csv,68,771.0,783.0,780.0,378.0,859.0,flex5 < lower
2025-09-02 11:22:06,5,5\episode_20250819_203313_ㅈ_5.csv,69,778.0,799.0,770.0,297.0,866.0,flex2 > upper; flex5 < lower
2025-09-02 11:22:06,5,5\episode_20250819_203313_ㅈ_5.csv,70,776.0,786.0,770.0,337.0,866.0,flex5 < lower
2025-09-02 11:22:06,5,5\episode_20250819_203313_ㅈ_5.csv,71,771.0,782.0,772.0,459.0,863.0,flex5 < lower
2025-09-02 11:22:06,5,5\episode_20250819_203313_ㅈ_5.csv,72,772.0,783.0,767.0,424.0,867.0,flex5 < lower
2025-09-02 11:22:06,5,5\episode_20250819_203313_ㅈ_5.csv,73,770.0,778.0,772.0,319.0,860.0,flex5 < lower
2025-09-02 11:22:06,5,5\episode_20250819_203313_ㅈ_5.csv,74,771.0,785.0,777.0,332.0,865.0,flex5 < lower
2025-09-02 11:22:06,5,5\episode_20250819_203313_ㅈ_5.csv,75,770.0,771.0,772.0,425.0,861.0,flex5 < lower
2025-09-02 11:22:06,5,5\episode_20250819_203313_ㅈ_5.csv,76,779.0,782.0,775.0,452.0,870.0,flex5 < lower
2025-09-02 11:22:06,5,5\episode_20250819_203313_ㅈ_5.csv,77,775.0,778.0,771.0,377.0,852.0,flex5 < lower
2025-09-02 11:22:06,5,5\episode_20250819_203313_ㅈ_5.csv,78,773.0,784.0,769.0,325.0,875.0,flex5 < lower
2025-09-02 11:22:06,5,5\episode_20250819_203313_ㅈ_5.csv,79,773.0,775.0,774.0,365.0,864.0,flex5 < lower
2025-09-02 11:22:06,5,5\episode_20250819_203313_ㅈ_5.csv,80,777.0,778.0,774.0,453.0,866.0,flex5 < lower
2025-09-02 11:22:06,5,5\episode_20250819_203313_ㅈ_5.csv,81,771.0,779.0,775.0,421.0,857.0,flex5 < lower
2025-09-02 11:22:06,5,5\episode_20250819_203313_ㅈ_5.csv,82,773.0,788.0,776.0,326.0,859.0,flex5 < lower
2025-09-02 11:22:06,5,5\episode_20250819_203313_ㅈ_5.csv,83,774.0,774.0,772.0,318.0,869.0,flex5 < lower
2025-09-02 11:22:06,5,5\episode_20250819_203313_ㅈ_5.csv,84,775.0,779.0,775.0,418.0,858.0,flex5 < lower
2025-09-02 11:22:06,5,5\episode_20250819_203313_ㅈ_5.csv,85,776.0,781.0,772.0,452.0,863.0,flex5 < lower
2025-09-02 11:22:06,5,5\episode_20250819_203313_ㅈ_5.csv,86,770.0,782.0,773.0,398.0,859.0,flex5 < lower
2025-09-02 11:22:06,5,5\episode_20250819_203313_ㅈ_5.csv,87,770.0,777.0,772.0,314.0,866.0,flex5 < lower
2025-09-02 11:22:06,5,5\episode_20250819_203313_ㅈ_5.csv,88,777.0,780.0,775.0,354.0,860.0,flex5 < lower
2025-09-02 11:22:06,5,5\episode_20250819_203313_ㅈ_5.csv,89,773.0,778.0,771.0,448.0,863.0,flex5 < lower
2025-09-02 11:22:06,5,5\episode_20250819_203313_ㅈ_5.csv,90,764.0,793.0,774.0,408.0,844.0,flex2 > upper; flex5 < lower
2025-09-02 11:22:06,5,5\episode_20250819_203313_ㅈ_5.csv,91,774.0,774.0,771.0,316.0,870.0,flex5 < lower
2025-09-02 11:22:06,5,5\episode_20250819_203313_ㅈ_5.csv,92,776.0,784.0,771.0,305.0,872.0,flex5 < lower
2025-09-02 11:22:06,5,5\episode_20250819_203313_ㅈ_5.csv,93,773.0,783.0,776.0,389.0,875.0,flex5 < lower
2025-09-02 11:22:06,5,5\episode_20250819_203313_ㅈ_5.csv,94,776.0,778.0,776.0,427.0,865.0,flex5 < lower
2025-09-02 11:22:06,5,5\episode_20250819_203313_ㅈ_5.csv,95,778.0,787.0,774.0,349.0,866.0,flex5 < lower
2025-09-02 11:22:06,5,5\episode_20250819_203313_ㅈ_5.csv,96,770.0,781.0,771.0,408.0,855.0,flex5 < lower
2025-09-02 11:22:06,5,5\episode_20250819_203313_ㅈ_5.csv,97,772.0,777.0,776.0,374.0,854.0,flex5 < lower
2025-09-02 11:22:06,5,5\episode_20250819_203313_ㅈ_5.csv,98,775.0,780.0,778.0,316.0,869.0,flex5 < lower
2025-09-02 11:22:06,5,5\episode_20250819_203313_ㅈ_5.csv,99,776.0,783.0,770.0,345.0,870.0,flex5 < lower
2025-09-02 11:22:06,5,5\episode_20250819_203313_ㅈ_5.csv,100,774.0,779.0,770.0,455.0,861.0,flex5 < lower
2025-09-02 11:22:06,5,5\episode_20250819_203313_ㅈ_5.csv,101,773.0,777.0,773.0,411.0,859.0,flex5 < lower
2025-09-02 11:22:06,5,5\episode_20250819_203313_ㅈ_5.csv,102,770.0,777.0,769.0,397.0,868.0,flex5 < lower
2025-09-02 11:22:06,5,5\episode_20250819_203313_ㅈ_5.csv,103,774.0,779.0,765.0,397.0,860.0,flex5 < lower
2025-09-02 11:22:06,5,5\episode_20250819_203313_ㅈ_5.csv,104,770.0,774.0,781.0,399.0,864.0,flex5 < lower
2025-09-02 11:22:06,5,5\episode_20250819_203313_ㅈ_5.csv,105,770.0,784.0,772.0,378.0,857.0,flex5 < lower
2025-09-02 11:22:06,5,5\episode_20250819_203313_ㅈ_5.csv,106,777.0,772.0,769.0,252.0,863.0,flex5 < lower
2025-09-02 11:22:06,5,5\episode_20250819_203313_ㅈ_5.csv,107,773.0,782.0,774.0,312.0,862.0,flex5 < lower
2025-09-02 11:22:06,5,5\episode_20250819_203313_ㅈ_5.csv,108,774.0,770.0,775.0,381.0,870.0,flex5 < lower
2025-09-02 11:22:06,5,5\episode_20250819_203313_ㅈ_5.csv,109,775.0,776.0,775.0,412.0,863.0,flex5 < lower
2025-09-02 11:22:06,5,5\episode_20250819_203313_ㅈ_5.csv,110,767.0,786.0,772.0,349.0,889.0,flex5 < lower
2025-09-02 11:22:06,5,5\episode_20250819_203313_ㅈ_5.csv,111,774.0,774.0,773.0,306.0,869.0,flex5 < lower
2025-09-02 11:22:06,5,5\episode_20250819_203313_ㅈ_5.csv,112,774.0,776.0,777.0,365.0,865.0,flex5 < lower
2025-09-02 11:22:06,5,5\episode_20250819_203313_ㅈ_5.csv,113,777.0,770.0,769.0,429.0,855.0,flex5 < lower
2025-09-02 11:22:06,5,5\episode_20250819_203313_ㅈ_5.csv,114,775.0,780.0,775.0,392.0,855.0,flex5 < lower
2025-09-02 11:22:06,5,5\episode_20250819_203313_ㅈ_5.csv,115,773.0,778.0,776.0,303.0,858.0,flex5 < lower
2025-09-02 11:22:06,5,5\episode_20250819_203313_ㅈ_5.csv,116,771.0,779.0,777.0,340.0,864.0,flex5 < lower
2025-09-02 11:22:06,5,5\episode_20250819_203313_ㅈ_5.csv,117,774.0,781.0,773.0,427.0,852.0,flex5 < lower
2025-09-02 11:22:06,5,5\episode_20250819_203313_ㅈ_5.csv,118,774.0,782.0,770.0,417.0,883.0,flex5 < lower
2025-09-02 11:22:06,5,5\episode_20250819_203313_ㅈ_5.csv,119,772.0,780.0,772.0,346.0,859.0,flex5 < lower
2025-09-02 11:22:06,5,5\episode_20250819_203313_ㅈ_5.csv,120,772.0,781.0,764.0,279.0,868.0,flex5 < lower
2025-09-02 11:22:06,5,5\episode_20250819_203313_ㅈ_5.csv,121,774.0,776.0,770.0,374.0,868.0,flex5 < lower
2025-09-02 11:22:06,5,5\episode_20250819_203313_ㅈ_5.csv,122,774.0,775.0,773.0,441.0,865.0,flex5 < lower
2025-09-02 11:22:06,5,5\episode_20250819_203313_ㅈ_5.csv,123,771.0,778.0,772.0,356.0,861.0,flex5 < lower
2025-09-02 11:22:06,5,5\episode_20250819_203313_ㅈ_5.csv,124,775.0,783.0,775.0,289.0,867.0,flex5 < lower
2025-09-02 11:22:06,5,5\episode_20250819_203313_ㅈ_5.csv,125,772.0,782.0,773.0,327.0,862.0,flex5 < lower
2025-09-02 11:22:06,5,5\episode_20250819_203313_ㅈ_5.csv,126,776.0,780.0,775.0,447.0,856.0,flex5 < lower
2025-09-02 11:22:06,5,5\episode_20250819_203313_ㅈ_5.csv,127,777.0,783.0,769.0,420.0,875.0,flex5 < lower
2025-09-02 11:22:06,5,5\episode_20250819_203313_ㅈ_5.csv,128,773.0,782.0,777.0,398.0,858.0,flex5 < lower
2025-09-02 11:22:06,5,5\episode_20250819_203313_ㅈ_5.csv,129,773.0,777.0,774.0,398.0,865.0,flex5 < lower
2025-09-02 11:22:06,5,5\episode_20250819_203313_ㅈ_5.csv,130,770.0,780.0,773.0,299.0,865.0,flex5 < lower
2025-09-02 11:22:06,5,5\episode_20250819_203313_ㅈ_5.csv,131,772.0,776.0,770.0,308.0,872.0,flex5 < lower
2025-09-02 11:22:06,5,5\episode_20250819_203313_ㅈ_5.csv,132,777.0,782.0,771.0,403.0,863.0,flex5 < lower
2025-09-02 11:22:06,5,5\episode_20250819_203313_ㅈ_5.csv,133,776.0,770.0,767.0,432.0,872.0,flex5 < lower
2025-09-02 11:22:06,5,5\episode_20250819_203313_ㅈ_5.csv,134,772.0,784.0,773.0,367.0,870.0,flex5 < lower
2025-09-02 11:22:06,5,5\episode_20250819_203313_ㅈ_5.csv,135,773.0,781.0,772.0,317.0,867.0,flex5 < lower
2025-09-02 11:22:06,5,5\episode_20250819_203313_ㅈ_5.csv,136,773.0,782.0,770.0,409.0,869.0,flex5 < lower
2025-09-02 11:22:06,5,5\episode_20250819_203313_ㅈ_5.csv,137,775.0,780.0,767.0,338.0,868.0,flex5 < lower
2025-09-02 11:22:06,5,5\episode_20250819_203313_ㅈ_5.csv,138,769.0,782.0,773.0,384.0,867.0,flex5 < lower
2025-09-02 11:22:06,5,5\episode_20250819_203313_ㅈ_5.csv,139,772.0,779.0,775.0,336.0,867.0,flex5 < lower
2025-09-02 11:22:06,5,5\episode_20250819_203313_ㅈ_5.csv,140,776.0,781.0,775.0,375.0,862.0,flex5 < lower
2025-09-02 11:22:06,5,5\episode_20250819_203313_ㅈ_5.csv,141,773.0,777.0,773.0,454.0,871.0,flex5 < lower
2025-09-02 11:22:06,5,5\episode_20250819_203313_ㅈ_5.csv,142,767.0,778.0,780.0,412.0,868.0,flex5 < lower
2025-09-02 11:22:06,5,5\episode_20250819_203313_ㅈ_5.csv,143,775.0,780.0,770.0,319.0,877.0,flex5 < lower
2025-09-02 11:22:06,5,5\episode_20250819_203313_ㅈ_5.csv,144,772.0,779.0,776.0,361.0,858.0,flex5 < lower
2025-09-02 11:22:06,5,5\episode_20250819_203313_ㅈ_5.csv,145,774.0,771.0,778.0,453.0,861.0,flex5 < lower
2025-09-02 11:22:06,5,5\episode_20250819_203313_ㅈ_5.csv,146,789.0,777.0,774.0,417.0,858.0,flex1 > upper; flex5 < lower
2025-09-02 11:22:06,5,5\episode_20250819_203313_ㅈ_5.csv,147,775.0,771.0,774.0,318.0,871.0,flex5 < lower
2025-09-02 11:22:06,5,5\episode_20250819_203313_ㅈ_5.csv,148,773.0,772.0,775.0,315.0,870.0,flex5 < lower
2025-09-02 11:22:06,5,5\episode_20250819_203313_ㅈ_5.csv,149,765.0,778.0,770.0,423.0,853.0,flex5 < lower
2025-09-02 11:22:06,5,5\episode_20250819_203313_ㅈ_5.csv,150,773.0,777.0,773.0,429.0,862.0,flex5 < lower
2025-09-02 11:22:06,5,5\episode_20250819_203313_ㅈ_5.csv,151,774.0,776.0,770.0,354.0,875.0,flex5 < lower
2025-09-02 11:22:06,5,5\episode_20250819_203313_ㅈ_5.csv,152,774.0,774.0,772.0,288.0,866.0,flex5 < lower
2025-09-02 11:22:06,5,5\episode_20250819_203313_ㅈ_5.csv,153,776.0,781.0,776.0,339.0,869.0,flex5 < lower
2025-09-02 11:22:06,5,5\episode_20250819_203313_ㅈ_5.csv,154,774.0,780.0,766.0,452.0,861.0,flex5 < lower
2025-09-02 11:22:06,5,5\episode_20250819_203313_ㅈ_5.csv,155,773.0,787.0,770.0,411.0,869.0,flex5 < lower
2025-09-02 11:22:06,5,5\episode_20250819_203313_ㅈ_5.csv,156,776.0,780.0,778.0,287.0,877.0,flex5 < lower
2025-09-02 11:22:06,5,5\episode_20250819_203313_ㅈ_5.csv,157,772.0,774.0,773.0,312.0,873.0,flex5 < lower
2025-09-02 11:22:06,5,5\episode_20250819_203313_ㅈ_5.csv,158,780.0,771.0,775.0,379.0,859.0,flex1 > upper; flex5 < lower
2025-09-02 11:22:06,5,5\episode_20250819_203313_ㅈ_5.csv,159,775.0,774.0,777.0,327.0,852.0,flex5 < lower
2025-09-02 11:22:06,5,5\episode_20250819_203313_ㅈ_5.csv,160,768.0,786.0,775.0,402.0,871.0,flex5 < lower
2025-09-02 11:22:06,5,5\episode_20250819_203313_ㅈ_5.csv,161,774.0,785.0,775.0,435.0,874.0,flex5 < lower
2025-09-02 11:22:06,5,5\episode_20250819_203313_ㅈ_5.csv,162,773.0,775.0,771.0,371.0,853.0,flex5 < lower
2025-09-02 11:22:06,5,5\episode_20250819_203313_ㅈ_5.csv,163,770.0,787.0,769.0,305.0,861.0,flex5 < lower
2025-09-02 11:22:06,5,5\episode_20250819_203313_ㅈ_5.csv,164,770.0,777.0,779.0,341.0,869.0,flex5 < lower
2025-09-02 11:22:06,5,5\episode_20250819_203313_ㅈ_5.csv,165,769.0,785.0,774.0,447.0,868.0,flex5 < lower
2025-09-02 11:22:06,5,5\episode_20250819_203313_ㅈ_5.csv,166,777.0,775.0,769.0,426.0,866.0,flex5 < lower
2025-09-02 11:22:06,5,5\episode_20250819_203313_ㅈ_5.csv,167,778.0,777.0,785.0,320.0,866.0,flex5 < lower
2025-09-02 11:22:06,5,5\episode_20250819_203313_ㅈ_5.csv,168,772.0,782.0,773.0,338.0,864.0,flex5 < lower
2025-09-02 11:22:06,5,5\episode_20250819_203313_ㅈ_5.csv,169,772.0,786.0,779.0,422.0,853.0,flex5 < lower
2025-09-02 11:22:06,5,5\episode_20250819_203313_ㅈ_5.csv,170,772.0,776.0,778.0,428.0,860.0,flex5 < lower
2025-09-02 11:22:06,5,5\episode_20250819_203313_ㅈ_5.csv,171,781.0,778.0,766.0,355.0,878.0,flex1 > upper; flex5 < lower
2025-09-02 11:22:06,5,5\episode_20250819_203313_ㅈ_5.csv,172,786.0,783.0,780.0,309.0,867.0,flex1 > upper; flex5 < lower
2025-09-02 11:22:06,5,5\episode_20250819_203313_ㅈ_5.csv,173,779.0,784.0,771.0,368.0,866.0,flex5 < lower
2025-09-02 11:22:06,5,5\episode_20250819_203313_ㅈ_5.csv,174,769.0,776.0,769.0,432.0,859.0,flex5 < lower
2025-09-02 11:22:06,5,5\episode_20250819_203313_ㅈ_5.csv,175,772.0,784.0,777.0,404.0,869.0,flex5 < lower
2025-09-02 11:22:06,5,5\episode_20250819_203313_ㅈ_5.csv,176,777.0,773.0,769.0,301.0,867.0,flex5 < lower
2025-09-02 11:22:06,5,5\episode_20250819_203313_ㅈ_5.csv,177,780.0,783.0,771.0,317.0,862.0,flex1 > upper; flex5 < lower
2025-09-02 11:22:06,5,5\episode_20250819_203313_ㅈ_5.csv,178,776.0,773.0,773.0,438.0,889.0,flex5 < lower
2025-09-02 11:22:06,5,5\episode_20250819_203313_ㅈ_5.csv,179,775.0,773.0,768.0,434.0,864.0,flex5 < lower
2025-09-02 11:22:06,5,5\episode_20250819_203313_ㅈ_5.csv,180,774.0,782.0,772.0,342.0,871.0,flex5 < lower
2025-09-02 11:22:06,5,5\episode_20250819_203313_ㅈ_5.csv,181,774.0,773.0,774.0,318.0,863.0,flex5 < lower
2025-09-02 11:22:06,5,5\episode_20250819_203313_ㅈ_5.csv,182,771.0,780.0,779.0,410.0,865.0,flex5 < lower
2025-09-02 11:22:06,5,5\episode_20250819_203313_ㅈ_5.csv,183,772.0,774.0,775.0,443.0,869.0,flex5 < lower
2025-09-02 11:22:06,5,5\episode_20250819_203313_ㅈ_5.csv,184,770.0,778.0,765.0,379.0,872.0,flex5 < lower
2025-09-02 11:22:06,5,5\episode_20250819_203313_ㅈ_5.csv,185,772.0,781.0,773.0,312.0,868.0,flex5 < lower
2025-09-02 11:22:06,5,5\episode_20250819_203313_ㅈ_5.csv,186,772.0,783.0,771.0,356.0,857.0,flex5 < lower
2025-09-02 11:22:06,5,5\episode_20250819_203313_ㅈ_5.csv,187,772.0,773.0,775.0,430.0,867.0,flex5 < lower
2025-09-02 11:22:06,5,5\episode_20250819_203313_ㅈ_5.csv,188,774.0,784.0,772.0,413.0,859.0,flex5 < lower
2025-09-02 11:22:06,5,5\episode_20250819_203313_ㅈ_5.csv,189,768.0,777.0,775.0,264.0,886.0,flex5 < lower
2025-09-02 11:22:06,5,5\episode_20250819_203313_ㅈ_5.csv,190,774.0,777.0,769.0,270.0,877.0,flex5 < lower
2025-09-02 11:22:06,5,5\episode_20250819_203313_ㅈ_5.csv,191,775.0,782.0,775.0,409.0,867.0,flex5 < lower
2025-09-02 11:22:06,5,5\episode_20250819_203313_ㅈ_5.csv,192,773.0,769.0,772.0,442.0,869.0,flex5 < lower
2025-09-02 11:22:06,5,5\episode_20250819_203313_ㅈ_5.csv,193,774.0,777.0,772.0,369.0,865.0,flex5 < lower
2025-09-02 11:22:06,5,5\episode_20250819_203313_ㅈ_5.csv,194,775.0,771.0,782.0,414.0,870.0,flex5 < lower
2025-09-02 11:22:06,5,5\episode_20250819_203313_ㅈ_5.csv,195,778.0,785.0,777.0,351.0,868.0,flex5 < lower
2025-09-02 11:22:06,5,5\episode_20250819_203313_ㅈ_5.csv,196,774.0,779.0,773.0,284.0,851.0,flex5 < lower
2025-09-02 11:22:06,5,5\episode_20250819_203313_ㅈ_5.csv,197,775.0,788.0,767.0,349.0,866.0,flex5 < lower
2025-09-02 11:22:06,5,5\episode_20250819_203313_ㅈ_5.csv,198,775.0,776.0,768.0,442.0,858.0,flex5 < lower
2025-09-02 11:22:06,5,5\episode_20250819_203313_ㅈ_5.csv,199,774.0,782.0,772.0,415.0,860.0,flex5 < lower
2025-09-02 11:22:06,5,5\episode_20250819_203313_ㅈ_5.csv,200,772.0,778.0,770.0,325.0,856.0,flex5 < lower
2025-09-02 11:22:06,5,5\episode_20250819_203313_ㅈ_5.csv,201,773.0,779.0,773.0,338.0,870.0,flex5 < lower
2025-09-02 11:22:06,5,5\episode_20250819_203313_ㅈ_5.csv,202,777.0,780.0,778.0,412.0,867.0,flex5 < lower
2025-09-02 11:22:06,5,5\episode_20250819_203313_ㅈ_5.csv,203,775.0,784.0,771.0,319.0,863.0,flex5 < lower
2025-09-02 11:22:06,5,5\episode_20250819_203313_ㅈ_5.csv,204,770.0,773.0,782.0,435.0,868.0,flex5 < lower
2025-09-02 11:22:06,5,5\episode_20250819_203313_ㅈ_5.csv,205,776.0,778.0,771.0,430.0,868.0,flex5 < lower
2025-09-02 11:22:06,5,5\episode_20250819_203313_ㅈ_5.csv,206,778.0,778.0,782.0,361.0,861.0,flex5 < lower
2025-09-02 11:22:06,5,5\episode_20250819_203313_ㅈ_5.csv,207,778.0,779.0,771.0,314.0,842.0,flex5 < lower
2025-09-02 11:22:06,5,5\episode_20250819_203313_ㅈ_5.csv,208,775.0,777.0,769.0,347.0,865.0,flex5 < lower
2025-09-02 11:22:06,5,5\episode_20250819_203313_ㅈ_5.csv,209,775.0,781.0,772.0,444.0,866.0,flex5 < lower
2025-09-02 11:22:06,5,5\episode_20250819_203313_ㅈ_5.csv,210,769.0,776.0,774.0,400.0,846.0,flex5 < lower
2025-09-02 11:22:06,5,5\episode_20250819_203313_ㅈ_5.csv,211,773.0,781.0,765.0,385.0,865.0,flex5 < lower
2025-09-02 11:22:06,5,5\episode_20250819_203313_ㅈ_5.csv,212,774.0,784.0,769.0,386.0,871.0,flex5 < lower
2025-09-02 11:22:06,5,5\episode_20250819_203313_ㅈ_5.csv,213,771.0,776.0,774.0,311.0,866.0,flex5 < lower
2025-09-02 11:22:06,5,5\episode_20250819_203313_ㅈ_5.csv,214,773.0,771.0,775.0,306.0,871.0,flex5 < lower
2025-09-02 11:22:06,5,5\episode_20250819_203313_ㅈ_5.csv,215,771.0,775.0,774.0,438.0,885.0,flex5 < lower
2025-09-02 11:22:06,5,5\episode_20250819_203313_ㅈ_5.csv,216,776.0,783.0,780.0,447.0,873.0,flex5 < lower
2025-09-02 11:22:06,5,5\episode_20250819_203313_ㅈ_5.csv,217,776.0,785.0,772.0,361.0,862.0,flex5 < lower
2025-09-02 11:22:06,5,5\episode_20250819_203313_ㅈ_5.csv,218,776.0,785.0,768.0,277.0,873.0,flex5 < lower
2025-09-02 11:22:06,5,5\episode_20250819_203313_ㅈ_5.csv,219,774.0,786.0,779.0,355.0,871.0,flex5 < lower
2025-09-02 11:22:06,5,5\episode_20250819_203313_ㅈ_5.csv,220,775.0,778.0,764.0,447.0,856.0,flex5 < lower
2025-09-02 11:22:06,5,5\episode_20250819_203313_ㅈ_5.csv,221,774.0,778.0,775.0,409.0,871.0,flex5 < lower
2025-09-02 11:22:06,5,5\episode_20250819_203313_ㅈ_5.csv,222,776.0,781.0,774.0,319.0,874.0,flex5 < lower
2025-09-02 11:22:06,5,5\episode_20250819_203313_ㅈ_5.csv,223,768.0,780.0,775.0,335.0,865.0,flex5 < lower
2025-09-02 11:22:06,5,5\episode_20250819_203313_ㅈ_5.csv,224,770.0,784.0,763.0,422.0,862.0,flex5 < lower
2025-09-02 11:22:06,5,5\episode_20250819_203313_ㅈ_5.csv,225,771.0,779.0,766.0,444.0,865.0,flex5 < lower
2025-09-02 11:22:06,5,5\episode_20250819_203313_ㅈ_5.csv,226,774.0,775.0,772.0,369.0,870.0,flex5 < lower
2025-09-02 11:22:06,5,5\episode_20250819_203313_ㅈ_5.csv,227,777.0,782.0,770.0,325.0,866.0,flex5 < lower
2025-09-02 11:22:06,5,5\episode_20250819_203313_ㅈ_5.csv,228,775.0,773.0,772.0,379.0,861.0,flex5 < lower
2025-09-02 11:22:06,5,5\episode_20250819_203313_ㅈ_5.csv,229,776.0,780.0,770.0,439.0,871.0,flex5 < lower
2025-09-02 11:22:06,5,5\episode_20250819_203313_ㅈ_5.csv,230,772.0,779.0,776.0,405.0,881.0,flex5 < lower
2025-09-02 11:22:06,5,5\episode_20250819_203313_ㅈ_5.csv,231,774.0,781.0,768.0,328.0,877.0,flex5 < lower
2025-09-02 11:22:06,5,5\episode_20250819_203313_ㅈ_5.csv,232,776.0,779.0,774.0,299.0,870.0,flex5 < lower
2025-09-02 11:22:06,5,5\episode_20250819_203313_ㅈ_5.csv,233,775.0,771.0,774.0,348.0,881.0,flex5 < lower
2025-09-02 11:22:06,5,5\episode_20250819_203313_ㅈ_5.csv,235,772.0,779.0,770.0,421.0,891.0,flex5 < lower
2025-09-02 11:22:06,5,5\episode_20250819_203313_ㅈ_5.csv,236,776.0,776.0,776.0,425.0,897.0,flex5 < lower
2025-09-02 11:22:06,5,5\episode_20250819_203313_ㅈ_5.csv,237,778.0,778.0,773.0,354.0,893.0,flex5 < lower
2025-09-02 11:22:06,5,5\episode_20250819_203313_ㅈ_5.csv,257,775.0,781.0,791.0,412.0,927.0,flex3 > upper
2025-09-02 11:22:06,5,5\episode_20250819_203313_ㅈ_5.csv,258,770.0,784.0,786.0,448.0,919.0,flex3 > upper
2025-09-02 11:22:06,5,5\episode_20250819_203313_ㅈ_5.csv,260,778.0,777.0,786.0,321.0,918.0,flex3 > upper
2025-09-02 11:22:06,5,5\episode_20250819_203313_ㅈ_5.csv,263,782.0,778.0,786.0,433.0,911.0,flex1 > upper; flex3 > upper
2025-09-02 11:22:06,5,5\episode_20250819_203313_ㅈ_5.csv,267,772.0,782.0,776.0,427.0,898.0,flex5 < lower
2025-09-02 11:22:06,5,5\episode_20250819_203313_ㅈ_5.csv,269,773.0,779.0,776.0,305.0,898.0,flex5 < lower
2025-09-02 11:22:06,5,5\episode_20250819_203313_ㅈ_5.csv,279,774.0,780.0,788.0,358.0,953.0,flex3 > upper
2025-09-02 11:22:06,5,5\episode_20250819_203313_ㅈ_5.csv,283,775.0,781.0,784.0,305.0,965.0,flex5 > upper
2025-09-02 11:22:06,5,5\episode_20250819_203313_ㅈ_5.csv,284,770.0,777.0,784.0,452.0,965.0,flex5 > upper
2025-09-02 11:22:06,5,5\episode_20250819_203313_ㅈ_5.csv,287,770.0,778.0,788.0,297.0,956.0,flex3 > upper
2025-09-02 11:22:06,5,5\episode_20250819_203313_ㅈ_5.csv,288,777.0,781.0,778.0,381.0,970.0,flex5 > upper
2025-09-02 11:22:06,5,5\episode_20250819_203313_ㅈ_5.csv,289,774.0,785.0,782.0,474.0,968.0,flex5 > upper
2025-09-02 11:22:06,5,5\episode_20250819_203313_ㅈ_5.csv,290,770.0,778.0,787.0,415.0,955.0,flex3 > upper
2025-09-02 11:22:06,5,5\episode_20250819_203313_ㅈ_5.csv,291,772.0,781.0,797.0,312.0,970.0,flex3 > upper; flex5 > upper
2025-09-02 11:22:06,5,5\episode_20250819_203313_ㅈ_5.csv,292,773.0,781.0,785.0,334.0,966.0,flex5 > upper
2025-09-02 11:22:06,5,5\episode_20250819_203313_ㅈ_5.csv,295,775.0,784.0,771.0,297.0,965.0,flex5 > upper
2025-09-02 11:22:06,5,5\episode_20250819_203313_ㅈ_5.csv,297,776.0,775.0,780.0,401.0,965.0,flex5 > upper
2025-09-02 11:22:06,5,5\episode_20250819_203319_ㅈ_5.csv,3,773.0,776.0,787.0,348.0,919.0,flex3 > upper
2025-09-02 11:22:06,5,5\episode_20250819_203319_ㅈ_5.csv,4,772.0,783.0,786.0,460.0,913.0,flex3 > upper
2025-09-02 11:22:06,5,5\episode_20250819_203319_ㅈ_5.csv,11,781.0,775.0,776.0,299.0,920.0,flex1 > upper
2025-09-02 11:22:06,5,5\episode_20250819_203319_ㅈ_5.csv,44,777.0,781.0,772.0,327.0,897.0,flex5 < lower
2025-09-02 11:22:06,5,5\episode_20250819_203319_ㅈ_5.csv,51,774.0,778.0,772.0,393.0,891.0,flex5 < lower
2025-09-02 11:22:06,5,5\episode_20250819_203319_ㅈ_5.csv,54,770.0,783.0,773.0,419.0,898.0,flex5 < lower
2025-09-02 11:22:06,5,5\episode_20250819_203319_ㅈ_5.csv,55,770.0,782.0,776.0,413.0,892.0,flex5 < lower
2025-09-02 11:22:06,5,5\episode_20250819_203319_ㅈ_5.csv,56,767.0,781.0,781.0,369.0,898.0,flex5 < lower
2025-09-02 11:22:06,5,5\episode_20250819_203319_ㅈ_5.csv,57,773.0,781.0,783.0,291.0,889.0,flex5 < lower
2025-09-02 11:22:06,5,5\episode_20250819_203319_ㅈ_5.csv,58,775.0,781.0,783.0,348.0,898.0,flex5 < lower
2025-09-02 11:22:06,5,5\episode_20250819_203319_ㅈ_5.csv,65,774.0,778.0,786.0,468.0,919.0,flex3 > upper
2025-09-02 11:22:06,5,5\episode_20250819_203319_ㅈ_5.csv,68,773.0,780.0,770.0,297.0,965.0,flex5 > upper
2025-09-02 11:22:06,5,5\episode_20250819_203319_ㅈ_5.csv,73,774.0,770.0,772.0,299.0,970.0,flex5 > upper
2025-09-02 11:22:06,5,5\episode_20250819_203319_ㅈ_5.csv,78,771.0,780.0,786.0,294.0,928.0,flex3 > upper
2025-09-02 11:22:06,5,5\episode_20250819_203319_ㅈ_5.csv,94,779.0,765.0,776.0,408.0,933.0,flex2 < lower
2025-09-02 11:22:06,5,5\episode_20250819_203319_ㅈ_5.csv,154,769.0,782.0,792.0,277.0,915.0,flex3 > upper
2025-09-02 11:22:06,5,5\episode_20250819_203319_ㅈ_5.csv,210,782.0,778.0,778.0,422.0,913.0,flex1 > upper
2025-09-02 11:22:06,5,5\episode_20250819_203319_ㅈ_5.csv,220,772.0,777.0,777.0,327.0,964.0,flex5 > upper
2025-09-02 11:22:06,5,5\episode_20250819_203319_ㅈ_5.csv,254,759.0,789.0,778.0,336.0,946.0,flex1 < lower
2025-09-02 11:22:06,5,5\episode_20250819_203319_ㅈ_5.csv,257,774.0,765.0,770.0,309.0,947.0,flex2 < lower
2025-09-02 11:22:06,5,5\episode_20250819_203319_ㅈ_5.csv,271,771.0,777.0,789.0,303.0,946.0,flex3 > upper
2025-09-02 11:22:06,5,5\episode_20250819_203319_ㅈ_5.csv,272,766.0,777.0,771.0,336.0,968.0,flex5 > upper
2025-09-02 11:22:06,5,5\episode_20250819_203319_ㅈ_5.csv,298,772.0,796.0,776.0,422.0,936.0,flex2 > upper
2025-09-02 11:22:06,5,5\episode_20250819_203328_ㅈ_5.csv,20,773.0,781.0,788.0,321.0,944.0,flex3 > upper
2025-09-02 11:22:06,5,5\episode_20250819_203328_ㅈ_5.csv,28,771.0,796.0,778.0,310.0,942.0,flex2 > upper
2025-09-02 11:22:06,5,5\episode_20250819_203328_ㅈ_5.csv,38,762.0,776.0,772.0,321.0,934.0,flex1 < lower
2025-09-02 11:22:06,5,5\episode_20250819_203328_ㅈ_5.csv,105,771.0,794.0,769.0,322.0,943.0,flex2 > upper
2025-09-02 11:22:06,5,5\episode_20250819_203328_ㅈ_5.csv,251,771.0,777.0,778.0,416.0,971.0,flex5 > upper
2025-09-02 11:22:06,5,5\episode_20250819_203328_ㅈ_5.csv,274,770.0,778.0,778.0,427.0,965.0,flex5 > upper
2025-09-02 11:22:06,5,5\episode_20250819_203328_ㅈ_5.csv,287,769.0,772.0,792.0,412.0,933.0,flex3 > upper
2025-09-02 11:22:06,5,5\episode_20250819_203336_ㅈ_5.csv,69,783.0,781.0,777.0,260.0,934.0,flex1 > upper
2025-09-02 11:22:06,5,5\episode_20250819_203336_ㅈ_5.csv,82,771.0,774.0,760.0,348.0,922.0,flex3 < lower
2025-09-02 11:22:06,5,5\episode_20250819_203336_ㅈ_5.csv,109,781.0,772.0,771.0,304.0,939.0,flex1 > upper
2025-09-02 11:22:06,5,5\episode_20250819_203336_ㅈ_5.csv,129,767.0,778.0,758.0,417.0,936.0,flex3 < lower
2025-09-02 11:22:06,5,5\episode_20250819_203336_ㅈ_5.csv,184,762.0,779.0,774.0,307.0,941.0,flex1 < lower
2025-09-02 11:22:06,5,5\episode_20250819_203336_ㅈ_5.csv,200,771.0,765.0,779.0,448.0,937.0,flex2 < lower
2025-09-02 11:22:06,5,5\episode_20250819_203336_ㅈ_5.csv,215,762.0,778.0,771.0,446.0,941.0,flex1 < lower
2025-09-02 11:22:06,5,5\episode_20250819_203336_ㅈ_5.csv,240,768.0,779.0,793.0,305.0,929.0,flex3 > upper
2025-09-02 11:22:06,5,5\episode_20250819_203336_ㅈ_5.csv,268,776.0,797.0,767.0,360.0,938.0,flex2 > upper
2025-09-02 11:22:06,5,5\episode_20250819_203345_ㅈ_5.csv,7,772.0,765.0,771.0,386.0,936.0,flex2 < lower
2025-09-02 11:22:06,5,5\episode_20250819_203345_ㅈ_5.csv,80,789.0,770.0,776.0,365.0,948.0,flex1 > upper
2025-09-02 11:22:06,5,5\episode_20250819_203345_ㅈ_5.csv,96,783.0,778.0,770.0,462.0,939.0,flex1 > upper
2025-09-02 11:22:06,5,5\episode_20250819_203345_ㅈ_5.csv,127,770.0,784.0,791.0,304.0,936.0,flex3 > upper
2025-09-02 11:22:06,5,5\episode_20250819_203345_ㅈ_5.csv,147,772.0,779.0,795.0,435.0,924.0,flex3 > upper
2025-09-02 11:22:06,5,5\episode_20250819_203345_ㅈ_5.csv,150,779.0,792.0,775.0,346.0,934.0,flex2 > upper
2025-09-02 11:22:06,5,5\episode_20250819_203345_ㅈ_5.csv,164,770.0,794.0,772.0,443.0,923.0,flex2 > upper
2025-09-02 11:22:06,5,5\episode_20250819_203345_ㅈ_5.csv,183,760.0,773.0,776.0,395.0,930.0,flex1 < lower
2025-09-02 11:22:06,5,5\episode_20250819_203345_ㅈ_5.csv,229,773.0,796.0,767.0,402.0,945.0,flex2 > upper
2025-09-02 11:22:06,5,5\episode_20250819_203345_ㅈ_5.csv,280,781.0,779.0,775.0,468.0,935.0,flex1 > upper
2025-09-02 11:22:06,5,5\episode_20250819_203345_ㅈ_5.csv,283,772.0,779.0,789.0,313.0,929.0,flex3 > upper
2025-09-02 11:22:06,5,5\episode_20250819_203345_ㅈ_5.csv,295,766.0,782.0,789.0,378.0,939.0,flex3 > upper
